"id","urlTweet","contentTweet","imageTweet","tweetDate","commentTweet","reTweet","quoteTweet","heartTweet"
"0","https://nitter.net/Sarah_GreenOk/status/1738210658330476978#m","I'm looking to buy the most original #NFT ğŸ‘€ğŸ”¥

#NFTs #GameFi #Metaverse #NFTCommunity","","22/12/2023","84","85","","239"
"1","https://nitter.net/Des_Digitals/status/1738403905220866213#m","New 10/10 listing ""Sunrise Shooter"" an original photograph, in the @AccessProtocol marketplace on Sketch. 5,000 ACS per #NFT to purchase! Link below â¬‡ï¸
sketch.accessprotocol.co/nftâ€¦
#basketball #sunrise #NFT #Art #Photooftheday","https://nitter.net/pic/orig/media%2FGCAMMB-WkAEraBF.jpg","23/12/2023","","1","",""
"2","https://nitter.net/ChiVerseOnline/status/1737851566043045994#m","Just work! âš½ï¸

Today we shared 28k of $CRO with holders! Join the family, mint some @BoomerSquadNFT1 #NFT in our #Web3 game!

mint.chiverse.online/drop/21

16:00 PM UTC presale starts, then public!

Join Discord to have fun with us on the mint party! 

#Cronos #CronosChain #NFTshill","","21/12/2023","3","11","1","20"
"3","https://nitter.net/monaverse_nft/status/1708028322662199738#m","ğŸŸ£Ø§Ø² Ù„ÛŒÙ†Ú© Ø²ÛŒØ± Ù…ÛŒ ØªÙˆÙ†ÛŒØ¯ ØµÙØ± ØªØ§ ØµØ¯ #NFT Ù‡Ø§ Ø±Ùˆ Ú©Ø§Ø§Ø§Ø§Ø§Ø§Ø§Ù…Ù„ Ùˆ Ø±Ø§ÛŒÚ¯Ø§Ù† Ø¯Ø± ÛŒÙˆØªÛŒÙˆØ¨ ÛŒØ§Ø¯ Ø¨Ú¯ÛŒØ±ÛŒØ¯ : 

ğŸŸ¢ bit.ly/43upaur

ğŸŸ£Ø¹Ø¶Ùˆ Ú©Ø§Ù†Ø§Ù„ ØªÙ„Ú¯Ø±Ø§Ù… Ù‡Ù… Ø¨Ø§Ø´ÛŒØ¯ Ú©Ù‡ Ø§Ø² ÙØ±ØµØª Ù‡Ø§ÛŒÛŒ Ú©Ù‡ Ù…Ø¹Ø±ÙÛŒ Ù…ÛŒ Ú©Ù†ÛŒÙ… Ø§Ø³ØªÙØ§Ø¯Ù‡ Ú©Ù†ÛŒØ¯ :

ğŸŸ¢ t.me/monaverse_nft

Ù…Ù…Ù†ÙˆÙ† Ù…ÛŒØ´Ù… Ú©Ø§Ù†Ø§Ù„ ÛŒÙˆØªÛŒÙˆØ¨ Ù…Ù†Ùˆ Ø³Ø§Ø¨Ø³Ú©Ø±Ø§ÛŒØ¨ Ú©Ù†ÛŒØ¯ ğŸ¥°â¤ï¸â€ğŸ”¥","","30/09/2023","74","91","2","151"
"4","https://nitter.net/Piroshi35719899/status/1738185066512290296#m","ã¿ã‚“ãªå¤§å¥½ã
                 GiveawayğŸ™Œ
#TNL #SSP #NFT","https://nitter.net/pic/orig/media%2FGB85mOJaAAAahYd.jpg","22/12/2023","","4","","6"
"5","https://nitter.net/finance_ref/status/1738333708002717836#m","Ho ho hoğŸ… It is that time of the year, a lil' #NFT to win before the end of 2023. Mister RefMan is full of surprises.ğŸ

100 Winners - Random Draw ğŸ„
Rules: Like, Retweet, Comment your #NEAR wallet address and tell us whether we should promote $NEAT or $GEAR liquidity. Pick one!

Contest ends: Wednesday 27th EOD. Winners announced a few days after.

If you don't follow the rules, no NFT in your pockets!","https://nitter.net/pic/orig/media%2FGB_LRXyXYAAPB_R.jpg","22/12/2023","505","453","6","512"
"6","https://nitter.net/Ventory_gg/status/1724788089711935792#m","Do you already own the Venom Cows NFT?

Only 2000 NFTs are available to mint

Join Here: ventory.gg/ino/venomcows

@VenomCows - Gangstar on Venom Network
#NFT #Venom","","15/11/2023","274","311","2","492"
"7","https://nitter.net/punk1685/status/1738277307683668091#m","I want to change not 1 but 2 life's & send them this @okaybears (25 $SOL)

Must Follow, Retweet and comment â€œ#NFTâ€
 I will pick a winner in 24hrs 

Merry Christmas, GOOD LUCK ğŸ…

Alpha call- I m pretty bullish on @jifonsol presale. it's public presale so don't miss","https://nitter.net/pic/orig/media%2FGB-Z_1rbMAQxvlK.jpg","22/12/2023","387","372","5","396"
"8","https://nitter.net/trustwallet_ru/status/1737507040493465965#m","ğŸ‰ Ğ’ÑÑ‚Ñ€ĞµÑ‡Ğ°Ğ¹Ñ‚Ğµ ĞĞ¾Ğ²Ñ‹Ğ¹ Ğ³Ğ¾Ğ´ Ğ²Ğ¼ĞµÑÑ‚Ğµ Ñ Trust Wallet CĞĞ“ Ğ¸ @cryptonxyz! ĞÑ‚ĞºÑ€Ğ¾Ğ¹Ñ‚Ğµ Ñ‚Ğ°Ğ¸Ğ½ÑÑ‚Ğ²ĞµĞ½Ğ½ÑƒÑ ĞºĞ¾Ñ€Ğ¾Ğ±ĞºÑƒ #NFT, Ñ‡Ñ‚Ğ¾Ğ±Ñ‹ Ğ¾Ñ‚Ğ¿Ñ€Ğ°Ğ·Ğ´Ğ½Ğ¾Ğ²Ğ°Ñ‚ÑŒ!

ğŸ ĞšÑ€Ğ¾Ğ¼Ğµ Ñ‚Ğ¾Ğ³Ğ¾, Ğ¼Ñ‹ Ñ€Ğ°Ğ·Ñ‹Ğ³Ñ€Ñ‹Ğ²Ğ°ĞµĞ¼ 10 Ğ»Ğ¸Ğ¼Ğ¸Ñ‚Ğ¸Ñ€Ğ¾Ğ²Ğ°Ğ½Ğ½Ñ‹Ñ… Ğ½Ğ¾Ğ²Ğ¾Ğ³Ğ¾Ğ´Ğ½Ğ¸Ñ… #Web3 ÑĞ²Ğ¸Ñ‚ĞµÑ€Ğ¾Ğ² ÑÑ€ĞµĞ´Ğ¸ Ñ‚ĞµÑ…, ĞºÑ‚Ğ¾ Ğ¿Ğ¾Ğ»ÑƒÑ‡Ğ¸Ğ» ÑƒĞ½Ğ¸ĞºĞ°Ğ»ÑŒĞ½Ñ‹Ğµ NFT!

ĞŸÑ€Ğ°Ğ²Ğ¸Ğ»Ğ°:
ğŸ’™ Ğ›Ğ°Ğ¹Ğº Ğ¸ Ñ€ĞµĞ¿Ğ¾ÑÑ‚
â„ï¸ ĞŸĞ¾Ğ´Ğ¿Ğ¸ÑĞºĞ° Ğ½Ğ° @trustwallet_ru
ğŸ’™ ĞŸÑ€Ğ¸ÑĞ¾ĞµĞ´Ğ¸Ğ½Ğ¸Ñ‚ÑŒÑÑ Ğº t.me/trustwallet_ru Ğ¸ t.me/crypton_off
â„ï¸ ĞŸĞ¾Ğ»ÑƒÑ‡Ğ¸Ñ‚Ğµ Ñ Ğ¿Ğ¾Ğ¼Ğ¾Ñ‰ÑŒÑ #TrustWallet ğŸ‘‡
galxe.com/trustwallet/campaiâ€¦","https://nitter.net/pic/orig/media%2FGBzdFWSa4AAYQzn.jpg","20/12/2023","125","3,065","17","3,202"
"9","https://nitter.net/crypto_nautas/status/1738403723011842444#m","ğŸ”VERLANGEN NACH EINEM HAMBURGER UND EINEM SCHOKOLADENKEKS.

#AI #Nfts #AIArt #CryptonautasEverydays #NFT #HumanArtist #Midjourney #StableDiffusion #DallE #Manifold #AIArtwork","https://nitter.net/pic/orig/media%2FGCAM2fJXMAAtql0.jpg","23/12/2023","","","","1"
"10","https://nitter.net/CnftGuide/status/1737631487137132721#m","ADA+NFT #Giveaway

Prize:
ğŸ†10 #ADA
ğŸ†1x #NFT

Rules 
â­ï¸Follow @enchantedcnft 
â­ï¸â¤ï¸+RT
â­ï¸Tag 3 Friends 

48Hâ°

#CNFTGiveaway #NFTCommunity #NFTartist #nftart #Cardano #CNFT #CNFTCommunity #NFTGiveaway","https://nitter.net/pic/orig/media%2FGB1OoJxXMAAfGWX.jpg","21/12/2023","255","396","","355"
"11","https://nitter.net/NFTsRadar/status/1738089112987705646#m","ğŸ¥³ Solana Giveaway ğŸ‰

  1 $SOL ( 100$ ) 
  1 Winners ğŸ†

 Follow @NFTsRadar
 Like Retweet
 Tag 1 Friend (24h â°)
 #Solana #Sol #Airdrop #NFT #solmap #SolanaCommunity","https://nitter.net/pic/orig/media%2FGB7u1l0WYAAjdZI.jpg","22/12/2023","882","1,088","6","1,032"
"12","https://nitter.net/HelloVersity/status/1686722985946689539#m","ğŸ With our friends of @tropee_nft , we're giving away 15,000 SITY. 

To enter, click on this link: tropee.com/t/versity-15000-sâ€¦

Good luck !

#Giveaway #nft #crypto","https://nitter.net/pic/orig/media%2FF2hw96KW4AEmfo-.jpg","02/08/2023","13","115","1","56"
"13","https://nitter.net/NFTsRadar/status/1738096620917739557#m","Giveaway $WIF token

445 $WIF (~120 USDC) 1 Winners ğŸ†

1) Follows @NFTsRadar
2) Likes + Retweets this tweet
3) Tags 3 friends

Giveaway ends in 48 hours.

#WIF #Giveaway #Airdrops #Analos #NFT #POPCAT","https://nitter.net/pic/orig/media%2FGB71qm4WUAcNMgL.jpg","22/12/2023","383","450","1","440"
"14","https://nitter.net/MyWeb3Pass/status/1737829893487079891#m","ğŸ””ğŸ””ğŸ””Wow ğŸ¥³ğŸ¥³ğŸ¥³
A new way to Grab #NFT & Win #Token Reward
#FCFC First Come First Claim
#Tag your friends & hurry up ! 
myweb3pass.com/en/tasks/6583â€¦","","21/12/2023","3","361","362","362"
"15","https://nitter.net/vegetacrypt0/status/1738403615772156379#m","$btc #OrdinalsNFT #nft @PingoosOrd","","23/12/2023","","","","2"
"16","https://nitter.net/Ventory_gg/status/1719715414299869278#m","ğŸ’¥Congratulations to Venom ID for launching NFT testnet on @Ventory_gg

âœŠMint Now: ventory.gg/ino/venomid

ğŸ‘€ Be the first to own an NFT by @Venomid_network 
#NFT #VENOM","","01/11/2023","291","388","7","682"
"17","https://nitter.net/NFDevils/status/1738167506928345299#m","On the 22nd day of #Christmas the Devils gave to me, a @SecretBullsNFT #NFT

âœ… Follow @NFDevils, @Nate_NFD and @SheDevilsNFT
âœ… Like and Repost
âœ… Tag 3 Friends
âœ… 24h

ğŸ‘ Give our Catalyst proposal some kudos
cardano.ideascale.com/c/ideaâ€¦

#CNFTgiveaway #GiveawayAlert #Giveaway #ADA","https://nitter.net/pic/orig/media%2FGBmFI9dbwAAlyG5.jpg","22/12/2023","104","123","","126"
"18","https://nitter.net/mark_alvin2/status/1738257418369577210#m","Just 9 days left to join the #NunuHolidayQuest!
Elder Nunu has gone full-on holiday sparkle , but how about you? 
Share your most dazzling decorations using #NunuHolidayQuest and share your festive finery with us. âœ¨

Remember, the most liked comment wins an #NFT!  Contest ends Dec 31st, so spread the festive cheer!

Let's light up the holidays together!

#NunuHolidayQuest #christmasspirit
#NFTgiveaway #contest #Nunuspirits","https://nitter.net/pic/orig/media%2FGB-H6OPbMAQa9GI.jpg","22/12/2023","","2","","3"
"19","https://nitter.net/pop_vaganza/status/1738216455483924517#m","Finally! 

POPs Are Coming Back On $Solana. Let's Get Ready to FunğŸ”¥

First 333 Intereactions will be considered for OG 
â¤ï¸+â™»ï¸+ğŸ””
#NFT #SOL #POPs #Solana","https://nitter.net/pic/orig/media%2FGB9iNSIaIAAExdx.png","22/12/2023","131","183","4","222"
"20","https://nitter.net/bonewhaletoken/status/1738403275035262981#m","My word, scholars!

Just over 3 hours into the #DorkWadz #Holidaze #mint and there are now under 200 remaining to be minted!ğŸ¤¯

There are still 3 #legendary 1/1s in this #limitededition #NFT collection and #staking is coming #shortly! 

Head over to mint.bonewhale.com and mint one for yourself this #holidaze season!ğŸ„","https://nitter.net/pic/orig/media%2FGCALUfHbEAAA5nO.jpg","23/12/2023","1","1","","1"
"21","https://nitter.net/CnftGuide/status/1738203768926118125#m","ADA+NFT #Giveaway

Prize:
ğŸ†10 #ADA
ğŸ†3x WL

Rules
ğŸ’°Follow @TenK_ada 
ğŸ’°â¤ï¸+RT
ğŸ’°Tag 3 friends 

24Hâ°

#CNFTGiveaway #NFTCommunity #NFTartist #nftart #Cardano #CNFT #CNFTCommunity #NFTGiveaway #NFT","https://nitter.net/pic/orig/media%2FGB9XHXjWgAAIRRz.jpg","22/12/2023","130","173","","180"
"22","https://nitter.net/Waqyuuu/status/1738403457449775582#m","#NFT","","23/12/2023","","","",""
"23","https://nitter.net/finance_ref/status/1738333708002717836#m","Ho ho hoğŸ… It is that time of the year, a lil' #NFT to win before the end of 2023. Mister RefMan is full of surprises.ğŸ

100 Winners - Random Draw ğŸ„
Rules: Like, Retweet, Comment your #NEAR wallet address and tell us whether we should promote $NEAT or $GEAR liquidity. Pick one!

Contest ends: Wednesday 27th EOD. Winners announced a few days after.

If you don't follow the rules, no NFT in your pockets!","https://nitter.net/pic/orig/media%2FGB_LRXyXYAAPB_R.jpg","22/12/2023","505","456","6","515"
"24","https://nitter.net/okxweb3/status/1626037737873629184#m","ğŸ”¥New #GalxeOAT on #OKX Web3 space is live! 

The first 100K members of OKX Discord will be able to claim this OAT for free. #FreeMint #NFT

ğŸ—ï¸After claiming the OAT, donâ€™t forget to finish the quest on #Crew3 to get XPs! 

ğŸ”—Claim your OAT here: galxe.com/OKXWEB3/campaign/Gâ€¦","","16/02/2023","771","15,215","60","4,972"
"25","https://nitter.net/ETCAlpha/status/1738403439455932601#m","Hens Domain# 5844

#HENSDOMAINS #HEBE
 #ETCNFT #ETCALPHA #ETC #NFT #NFTCommunity #EthereumClassic #Mint","https://nitter.net/pic/orig/media%2FGCAMt2FXoAApzLK.jpg","23/12/2023","1","","",""
"26","https://nitter.net/punk1685/status/1738277307683668091#m","I want to change not 1 but 2 life's & send them this @okaybears (25 $SOL)

Must Follow, Retweet and comment â€œ#NFTâ€
 I will pick a winner in 24hrs 

Merry Christmas, GOOD LUCK ğŸ…

Alpha call- I m pretty bullish on @jifonsol presale. it's public presale so don't miss","https://nitter.net/pic/orig/media%2FGB-Z_1rbMAQxvlK.jpg","22/12/2023","387","373","5","397"
"27","https://nitter.net/artyfact_game/status/1737809222694240578#m","âš¡ï¸Artyfact x OKX Airdrop Winnersâš¡ï¸

Exclusive @artyfact_game x @okx airdrop winners - docs.google.com/spreadsheetsâ€¦

#okx #Airdrop  #listing #tge #launch #exchange #artyfact $arty #arty #metaverse #nft #gamefi #crypto #playtoearn #p2e #blockchain #web3aming #web3metaverse #cryptogaming #nftgame #nftgaming #web3  #alts #altcoin #altcoinseason #altcoingems #investing #nfts #startup #presale #ico #ido #ieo #game #demo #playandearn #cryptocurrencies #cryptocurrecy #gem #bitcoin  #btc  #etherium #BNB  #tothemoon","","21/12/2023","539","543","33","2,254"
"28","https://nitter.net/EMIREX_OFFICIAL/status/1738232449652470009#m","#CryptodigestğŸ“²

ğŸ“#NFT Trader lost about $3 million as a result of hacking.
ğŸ“Prices for the #Solana Saga smartphone have jumped to $5,000 on eBay.
ğŸ“#Dogecoin will be integrated into X, says the director of MyDoge Wallet.

Learn more:
emirex.com/news/crypto_news_â€¦","https://nitter.net/pic/orig/media%2FGB9xKn6WoAA8GmE.jpg","22/12/2023","","9","",""
"29","https://nitter.net/martins_hackz/status/1738403366475047286#m","formas extraÃ±as en que los empleados pueden (accidentalmente) exponer datos ï£¿
#SeguridadDeDatos #Privacidad
#100DaysOfCode #CloudSecurity
#MachineLearning #Phishing #Ransomware #Cybersecurity #CyberAttack #DataProtection
#Brecha de datos #Hackeado #Infosec #RobloxDev #nft #GALA","https://nitter.net/pic/orig/media%2FGCAMpJQWkAA5-Va.jpg","23/12/2023","","","",""
"30","https://nitter.net/NomadApeTC/status/1736831508155928696#m","Years ago, wen my apes were hiking on Mount Tibidabo!ğŸŒ„

1st 100 to interact get a surprise! ğŸ¤—

#NFT #Solana #SolanaNFT","https://nitter.net/pic/orig/media%2FGBp2koXXAAAFmub.jpg","18/12/2023","7","42","","44"
"31","https://nitter.net/TutuMokey/status/1738403323697664412#m","#TTM traveled through the future of 2069 and came to the same planet as the earth. The crisis of #TUTUMOKEY and the beautiful warrior is coming...

#redmonkey #redrabbit #AIGC 
#NFTs #NFT 
#3dart #sculpture #trendyart
#conceptart #conceptdesign
#animation #cartoon
#rabbitart","https://nitter.net/pic/orig/media%2FGCAMmvXawAAZ98Y.jpg","23/12/2023","","","",""
"32","https://nitter.net/WackyPupz/status/1738364092174172553#m","5x 10,000 $WACKY GIVEAWAY

1âƒ£ Follow @WackyPupz + WL
2âƒ£ Like + RT
3âƒ£ Tag Friends
4âƒ£ Join: Discord.gg/WACKED

â³24H
$Sol #Solana #NFT #Airdrop","","23/12/2023","106","119","2","144"
"33","https://nitter.net/seal_squadNFT/status/1642634365585743875#m","You'll need allies to conquer the space... 

There can never be too many.

Who should we ally with next?

#squadgoals #NFT 

premint.xyz/seal-squadNFT/","https://nitter.net/pic/orig/media%2FFsvPP4CWcAIDbQR.jpg","02/04/2023","9","1,691","","387"
"34","https://nitter.net/NFTsRadar/status/1738089112987705646#m","ğŸ¥³ Solana Giveaway ğŸ‰

  1 $SOL ( 100$ ) 
  1 Winners ğŸ†

 Follow @NFTsRadar
 Like Retweet
 Tag 1 Friend (24h â°)
 #Solana #Sol #Airdrop #NFT #solmap #SolanaCommunity","https://nitter.net/pic/orig/media%2FGB7u1l0WYAAjdZI.jpg","22/12/2023","882","1,088","6","1,033"
"35","https://nitter.net/bonewhaletoken/status/1738403275035262981#m","My word, scholars!

Just over 3 hours into the #DorkWadz #Holidaze #mint and there are now under 200 remaining to be minted!ğŸ¤¯

There are still 3 #legendary 1/1s in this #limitededition #NFT collection and #staking is coming #shortly! 

Head over to mint.bonewhale.com and mint one for yourself this #holidaze season!ğŸ„","https://nitter.net/pic/orig/media%2FGCALUfHbEAAA5nO.jpg","23/12/2023","1","1","","1"
"36","https://nitter.net/CnftGuide/status/1737631487137132721#m","ADA+NFT #Giveaway

Prize:
ğŸ†10 #ADA
ğŸ†1x #NFT

Rules 
â­ï¸Follow @enchantedcnft 
â­ï¸â¤ï¸+RT
â­ï¸Tag 3 Friends 

48Hâ°

#CNFTGiveaway #NFTCommunity #NFTartist #nftart #Cardano #CNFT #CNFTCommunity #NFTGiveaway","https://nitter.net/pic/orig/media%2FGB1OoJxXMAAfGWX.jpg","21/12/2023","255","396","","355"
"37","https://nitter.net/trustwallet_ru/status/1737507040493465965#m","ğŸ‰ Ğ’ÑÑ‚Ñ€ĞµÑ‡Ğ°Ğ¹Ñ‚Ğµ ĞĞ¾Ğ²Ñ‹Ğ¹ Ğ³Ğ¾Ğ´ Ğ²Ğ¼ĞµÑÑ‚Ğµ Ñ Trust Wallet CĞĞ“ Ğ¸ @cryptonxyz! ĞÑ‚ĞºÑ€Ğ¾Ğ¹Ñ‚Ğµ Ñ‚Ğ°Ğ¸Ğ½ÑÑ‚Ğ²ĞµĞ½Ğ½ÑƒÑ ĞºĞ¾Ñ€Ğ¾Ğ±ĞºÑƒ #NFT, Ñ‡Ñ‚Ğ¾Ğ±Ñ‹ Ğ¾Ñ‚Ğ¿Ñ€Ğ°Ğ·Ğ´Ğ½Ğ¾Ğ²Ğ°Ñ‚ÑŒ!

ğŸ ĞšÑ€Ğ¾Ğ¼Ğµ Ñ‚Ğ¾Ğ³Ğ¾, Ğ¼Ñ‹ Ñ€Ğ°Ğ·Ñ‹Ğ³Ñ€Ñ‹Ğ²Ğ°ĞµĞ¼ 10 Ğ»Ğ¸Ğ¼Ğ¸Ñ‚Ğ¸Ñ€Ğ¾Ğ²Ğ°Ğ½Ğ½Ñ‹Ñ… Ğ½Ğ¾Ğ²Ğ¾Ğ³Ğ¾Ğ´Ğ½Ğ¸Ñ… #Web3 ÑĞ²Ğ¸Ñ‚ĞµÑ€Ğ¾Ğ² ÑÑ€ĞµĞ´Ğ¸ Ñ‚ĞµÑ…, ĞºÑ‚Ğ¾ Ğ¿Ğ¾Ğ»ÑƒÑ‡Ğ¸Ğ» ÑƒĞ½Ğ¸ĞºĞ°Ğ»ÑŒĞ½Ñ‹Ğµ NFT!

ĞŸÑ€Ğ°Ğ²Ğ¸Ğ»Ğ°:
ğŸ’™ Ğ›Ğ°Ğ¹Ğº Ğ¸ Ñ€ĞµĞ¿Ğ¾ÑÑ‚
â„ï¸ ĞŸĞ¾Ğ´Ğ¿Ğ¸ÑĞºĞ° Ğ½Ğ° @trustwallet_ru
ğŸ’™ ĞŸÑ€Ğ¸ÑĞ¾ĞµĞ´Ğ¸Ğ½Ğ¸Ñ‚ÑŒÑÑ Ğº t.me/trustwallet_ru Ğ¸ t.me/crypton_off
â„ï¸ ĞŸĞ¾Ğ»ÑƒÑ‡Ğ¸Ñ‚Ğµ Ñ Ğ¿Ğ¾Ğ¼Ğ¾Ñ‰ÑŒÑ #TrustWallet ğŸ‘‡
galxe.com/trustwallet/campaiâ€¦","https://nitter.net/pic/orig/media%2FGBzdFWSa4AAYQzn.jpg","20/12/2023","125","3,065","17","3,202"
"38","https://nitter.net/AdaMonsterz/status/1738245538380984581#m","ğŸ“¢4x Holiday #NFTGiveaway
Spreading some Holidays JOY with our friends!

ğŸPrizes: 4x #CNFTs
ğŸ† 1 Winner takes it all!

Rules:
1âƒ£ FOLLOW
@AdaMonsterz @CryptoRaggies 
@cardastacks @LurkersCNFT 
2âƒ£ â™¥ï¸+ RT
3âƒ£ TAG FRIENDS

âœ¨WINNER Selection Dec 26

#CNFTCommunity #NFT #cardanofeed","","22/12/2023","100","124","2","127"
"39","https://nitter.net/CnftGuide/status/1738203768926118125#m","ADA+NFT #Giveaway

Prize:
ğŸ†10 #ADA
ğŸ†3x WL

Rules
ğŸ’°Follow @TenK_ada 
ğŸ’°â¤ï¸+RT
ğŸ’°Tag 3 friends 

24Hâ°

#CNFTGiveaway #NFTCommunity #NFTartist #nftart #Cardano #CNFT #CNFTCommunity #NFTGiveaway #NFT","https://nitter.net/pic/orig/media%2FGB9XHXjWgAAIRRz.jpg","22/12/2023","130","173","","180"
"40","https://nitter.net/martins_hackz/status/1738403163391103427#m","You can inbox me now. I will be fast and reliable, available 24 hours. 
#gmaildownÂ¹ #facebookdown #discord #instagram #snapchat #hackedaccount   #psn #hacked #hackedgmail #account #help #support #WhatsAppleack #Crypto #NFT #Solana","https://nitter.net/pic/orig/media%2FGCAMdamW0AAVUaM.jpg","23/12/2023","","","",""
"41","https://nitter.net/thanksg67588375/status/1738403158546849998#m","Im a goblin, be a goblin, lets all be goblin fwend at Discord: discord.gg/AhCAfQew 
$INJ #INJ #NFT #Goblinfwend

@Goblin_INJ","","23/12/2023","","","",""
"42","https://nitter.net/NFDevils/status/1738167506928345299#m","On the 22nd day of #Christmas the Devils gave to me, a @SecretBullsNFT #NFT

âœ… Follow @NFDevils, @Nate_NFD and @SheDevilsNFT
âœ… Like and Repost
âœ… Tag 3 Friends
âœ… 24h

ğŸ‘ Give our Catalyst proposal some kudos
cardano.ideascale.com/c/ideaâ€¦

#CNFTgiveaway #GiveawayAlert #Giveaway #ADA","https://nitter.net/pic/orig/media%2FGBmFI9dbwAAlyG5.jpg","22/12/2023","104","123","","126"
"43","https://nitter.net/Kondux_KNDX/status/1738293989621534725#m","ğŸŒŸ The birth of your digital legacy begins with a kNFT bundle, each holding a unique story. Your mint package includes a 3D avatar, item, armor, & a malleable AI-Powered persona. 

Weâ€™ve got a lot of fun tech to showcase in 2024! JOIN US

$KNDX #NFT #kNFT #metaverse","","22/12/2023","11","34","3","71"
"44","https://nitter.net/finance_ref/status/1738333708002717836#m","Ho ho hoğŸ… It is that time of the year, a lil' #NFT to win before the end of 2023. Mister RefMan is full of surprises.ğŸ

100 Winners - Random Draw ğŸ„
Rules: Like, Retweet, Comment your #NEAR wallet address and tell us whether we should promote $NEAT or $GEAR liquidity. Pick one!

Contest ends: Wednesday 27th EOD. Winners announced a few days after.

If you don't follow the rules, no NFT in your pockets!","https://nitter.net/pic/orig/media%2FGB_LRXyXYAAPB_R.jpg","22/12/2023","507","457","6","517"
"45","https://nitter.net/WackyPupz/status/1738364092174172553#m","5x 10,000 $WACKY GIVEAWAY

1âƒ£ Follow @WackyPupz + WL
2âƒ£ Like + RT
3âƒ£ Tag Friends
4âƒ£ Join: Discord.gg/WACKED

â³24H
$Sol #Solana #NFT #Airdrop","","23/12/2023","106","119","2","144"
"46","https://nitter.net/PurpleCatsClub/status/1738403073184477325#m","Don't forget to follow us 
#Cat #cats #NFT #FolloMe #follow #USA #NFT #NFTs #NFTCommunity #NFTGiveaway #NFTartist #NFTCollection #NFTDROPS #purplecatsclub","https://nitter.net/pic/orig/media%2FGCAMYcPaUAA0wrm.jpg","23/12/2023","","","","1"
"47","https://nitter.net/NFT_Origins/status/1738166532717281695#m","ğŸš¨#CNFTGiveawaysğŸš¨

In collaboration with Anpu, I am giving away

Price:
ğŸ† 1x Relic of Anpu PassğŸŸï¸

Simply
â˜‘ï¸Follow @anpu_token & @NFT_Origins
â˜‘ï¸â¤ï¸& ğŸ”
â˜‘ï¸Tag 3 ğŸ‘¥

â±ï¸48H
#CardanoNFT #NFT #NFTs #CNFT #ADA 
#NFTCommunity #NFTGiveaways #Cardano","https://nitter.net/pic/orig/media%2FGB80ppqWoAAFMpr.jpg","22/12/2023","234","247","","246"
"48","https://nitter.net/Streethealer_/status/1738403045195538459#m","Another successful extraction

#dmt #spiritmolecule #healing #dmtpowder #btc #mdma #LA #lsd #psychedelic #lsd #nft #molly #ClimateChange #NFFC #xanscandyland #breakthrough
#mentalawareness #trippy #plug #usa #illinois #Ohio #plug #NYC #Vermont #Michigan #usa","","23/12/2023","","","",""
"49","https://nitter.net/ThyLeonD/status/1738262162399756649#m","one of my fav #nft artworks done for #zeluna with the inspiring @_paperspace .","","22/12/2023","1","1","","2"
"50","https://nitter.net/martins_hackz/status/1738403022588334581#m","ğŸ•°ï¸
You can message me right away for assistance with account retrievals since I have assisted many individuals in getting their lost wallets and accounts back. 
#hacked #snapchat #gmail #gmailsupport #NFT #Crypto #SolanaAirdrops #SolanaNFT #Solana #Polygon","https://nitter.net/pic/orig/media%2FGCAMVO_W4AAWqA_.jpg","23/12/2023","1","","",""
"51","https://nitter.net/punk1685/status/1738277307683668091#m","I want to change not 1 but 2 life's & send them this @okaybears (25 $SOL)

Must Follow, Retweet and comment â€œ#NFTâ€
 I will pick a winner in 24hrs 

Merry Christmas, GOOD LUCK ğŸ…

Alpha call- I m pretty bullish on @jifonsol presale. it's public presale so don't miss","https://nitter.net/pic/orig/media%2FGB-Z_1rbMAQxvlK.jpg","22/12/2023","388","373","5","397"
"52","https://nitter.net/hongtuchan/status/1584400388131737602#m","It's a real product with real utility to make your @doodles and @BoredApeYC  NFTs come to life.

#Comoco #Sculptor #3D #NFT #Utility","","24/10/2022","13","1,578","2","43"
"53","https://nitter.net/trustwallet_ru/status/1737507040493465965#m","ğŸ‰ Ğ’ÑÑ‚Ñ€ĞµÑ‡Ğ°Ğ¹Ñ‚Ğµ ĞĞ¾Ğ²Ñ‹Ğ¹ Ğ³Ğ¾Ğ´ Ğ²Ğ¼ĞµÑÑ‚Ğµ Ñ Trust Wallet CĞĞ“ Ğ¸ @cryptonxyz! ĞÑ‚ĞºÑ€Ğ¾Ğ¹Ñ‚Ğµ Ñ‚Ğ°Ğ¸Ğ½ÑÑ‚Ğ²ĞµĞ½Ğ½ÑƒÑ ĞºĞ¾Ñ€Ğ¾Ğ±ĞºÑƒ #NFT, Ñ‡Ñ‚Ğ¾Ğ±Ñ‹ Ğ¾Ñ‚Ğ¿Ñ€Ğ°Ğ·Ğ´Ğ½Ğ¾Ğ²Ğ°Ñ‚ÑŒ!

ğŸ ĞšÑ€Ğ¾Ğ¼Ğµ Ñ‚Ğ¾Ğ³Ğ¾, Ğ¼Ñ‹ Ñ€Ğ°Ğ·Ñ‹Ğ³Ñ€Ñ‹Ğ²Ğ°ĞµĞ¼ 10 Ğ»Ğ¸Ğ¼Ğ¸Ñ‚Ğ¸Ñ€Ğ¾Ğ²Ğ°Ğ½Ğ½Ñ‹Ñ… Ğ½Ğ¾Ğ²Ğ¾Ğ³Ğ¾Ğ´Ğ½Ğ¸Ñ… #Web3 ÑĞ²Ğ¸Ñ‚ĞµÑ€Ğ¾Ğ² ÑÑ€ĞµĞ´Ğ¸ Ñ‚ĞµÑ…, ĞºÑ‚Ğ¾ Ğ¿Ğ¾Ğ»ÑƒÑ‡Ğ¸Ğ» ÑƒĞ½Ğ¸ĞºĞ°Ğ»ÑŒĞ½Ñ‹Ğµ NFT!

ĞŸÑ€Ğ°Ğ²Ğ¸Ğ»Ğ°:
ğŸ’™ Ğ›Ğ°Ğ¹Ğº Ğ¸ Ñ€ĞµĞ¿Ğ¾ÑÑ‚
â„ï¸ ĞŸĞ¾Ğ´Ğ¿Ğ¸ÑĞºĞ° Ğ½Ğ° @trustwallet_ru
ğŸ’™ ĞŸÑ€Ğ¸ÑĞ¾ĞµĞ´Ğ¸Ğ½Ğ¸Ñ‚ÑŒÑÑ Ğº t.me/trustwallet_ru Ğ¸ t.me/crypton_off
â„ï¸ ĞŸĞ¾Ğ»ÑƒÑ‡Ğ¸Ñ‚Ğµ Ñ Ğ¿Ğ¾Ğ¼Ğ¾Ñ‰ÑŒÑ #TrustWallet ğŸ‘‡
galxe.com/trustwallet/campaiâ€¦","https://nitter.net/pic/orig/media%2FGBzdFWSa4AAYQzn.jpg","20/12/2023","125","3,065","17","3,202"
"54","https://nitter.net/finance_ref/status/1738333708002717836#m","Ho ho hoğŸ… It is that time of the year, a lil' #NFT to win before the end of 2023. Mister RefMan is full of surprises.ğŸ

100 Winners - Random Draw ğŸ„
Rules: Like, Retweet, Comment your #NEAR wallet address and tell us whether we should promote $NEAT or $GEAR liquidity. Pick one!

Contest ends: Wednesday 27th EOD. Winners announced a few days after.

If you don't follow the rules, no NFT in your pockets!","https://nitter.net/pic/orig/media%2FGB_LRXyXYAAPB_R.jpg","22/12/2023","508","458","6","518"
"55","https://nitter.net/finance_ref/status/1738333708002717836#m","Ho ho hoğŸ… It is that time of the year, a lil' #NFT to win before the end of 2023. Mister RefMan is full of surprises.ğŸ

100 Winners - Random Draw ğŸ„
Rules: Like, Retweet, Comment your #NEAR wallet address and tell us whether we should promote $NEAT or $GEAR liquidity. Pick one!

Contest ends: Wednesday 27th EOD. Winners announced a few days after.

If you don't follow the rules, no NFT in your pockets!","https://nitter.net/pic/orig/media%2FGB_LRXyXYAAPB_R.jpg","22/12/2023","509","458","6","518"
"56","https://nitter.net/NFT_by_SOC/status/1738402882292953169#m","MINTING IS LIVE NOW ğŸ”¥ğŸ”¥ 

Take your part of GMP
before Matic explodeâœ…ï¸
opensea.io/assets/matic/0x6câ€¦ #nft #grumpymonkeypunks #pixelnft #PolygonNFTs #OpenSeaNFT","","23/12/2023","","1","","2"
"57","https://nitter.net/trustwallet_ru/status/1737507040493465965#m","ğŸ‰ Ğ’ÑÑ‚Ñ€ĞµÑ‡Ğ°Ğ¹Ñ‚Ğµ ĞĞ¾Ğ²Ñ‹Ğ¹ Ğ³Ğ¾Ğ´ Ğ²Ğ¼ĞµÑÑ‚Ğµ Ñ Trust Wallet CĞĞ“ Ğ¸ @cryptonxyz! ĞÑ‚ĞºÑ€Ğ¾Ğ¹Ñ‚Ğµ Ñ‚Ğ°Ğ¸Ğ½ÑÑ‚Ğ²ĞµĞ½Ğ½ÑƒÑ ĞºĞ¾Ñ€Ğ¾Ğ±ĞºÑƒ #NFT, Ñ‡Ñ‚Ğ¾Ğ±Ñ‹ Ğ¾Ñ‚Ğ¿Ñ€Ğ°Ğ·Ğ´Ğ½Ğ¾Ğ²Ğ°Ñ‚ÑŒ!

ğŸ ĞšÑ€Ğ¾Ğ¼Ğµ Ñ‚Ğ¾Ğ³Ğ¾, Ğ¼Ñ‹ Ñ€Ğ°Ğ·Ñ‹Ğ³Ñ€Ñ‹Ğ²Ğ°ĞµĞ¼ 10 Ğ»Ğ¸Ğ¼Ğ¸Ñ‚Ğ¸Ñ€Ğ¾Ğ²Ğ°Ğ½Ğ½Ñ‹Ñ… Ğ½Ğ¾Ğ²Ğ¾Ğ³Ğ¾Ğ´Ğ½Ğ¸Ñ… #Web3 ÑĞ²Ğ¸Ñ‚ĞµÑ€Ğ¾Ğ² ÑÑ€ĞµĞ´Ğ¸ Ñ‚ĞµÑ…, ĞºÑ‚Ğ¾ Ğ¿Ğ¾Ğ»ÑƒÑ‡Ğ¸Ğ» ÑƒĞ½Ğ¸ĞºĞ°Ğ»ÑŒĞ½Ñ‹Ğµ NFT!

ĞŸÑ€Ğ°Ğ²Ğ¸Ğ»Ğ°:
ğŸ’™ Ğ›Ğ°Ğ¹Ğº Ğ¸ Ñ€ĞµĞ¿Ğ¾ÑÑ‚
â„ï¸ ĞŸĞ¾Ğ´Ğ¿Ğ¸ÑĞºĞ° Ğ½Ğ° @trustwallet_ru
ğŸ’™ ĞŸÑ€Ğ¸ÑĞ¾ĞµĞ´Ğ¸Ğ½Ğ¸Ñ‚ÑŒÑÑ Ğº t.me/trustwallet_ru Ğ¸ t.me/crypton_off
â„ï¸ ĞŸĞ¾Ğ»ÑƒÑ‡Ğ¸Ñ‚Ğµ Ñ Ğ¿Ğ¾Ğ¼Ğ¾Ñ‰ÑŒÑ #TrustWallet ğŸ‘‡
galxe.com/trustwallet/campaiâ€¦","https://nitter.net/pic/orig/media%2FGBzdFWSa4AAYQzn.jpg","20/12/2023","125","3,065","17","3,202"
"58","https://nitter.net/flipmoneycrypto/status/1738402864366764414#m","Cookies in the wood. I'm not a fan of blunts but I got this for free ğŸ‘ŠğŸ«¡ğŸ¤  #theWest #USA #web3 #nft","https://nitter.net/pic/orig/media%2FGCAMMToasAAEuFz.jpg","23/12/2023","2","","","1"
"59","https://nitter.net/Planetary_verse/status/1704049047349149855#m","âœ¨ Have you seen our new spaces yet? ğŸ¢âœ¨

#planetarymetaiverse #planetary #metaverse #soulboundtoken #nft #token #avatar #app #staytuned","","19/09/2023","83","685","11","390"
"60","https://nitter.net/The_Chillaz/status/1738239940985549126#m","Chillaz 7 Days - FINAL CHANCE ğŸ„

This is 3 days prizes combinedğŸ

We are giving awayğŸ‘€
5x ChainChillaz
2x BlockChillaz 
1 x Photo Print (must hold a ChainChillaz to win) 

To Enter: 
- Like + RT 
- Follow us
- Tag a friend or comment your ChainChillaz

Ends in 48hâ°
#ADA #NFT #Giveaway","https://nitter.net/pic/orig/media%2FGB90n-WXoAMeEfG.png","22/12/2023","85","104","","106"
"61","https://nitter.net/Queen1Crypto/status/1738313776120676469#m","Whoâ€™s joining us tomorrow for this great space? Hope to see all the frens! 

ğŸ„Dream a Lil Dream #NFT showcase! 
ğŸ“† Saturday, 12/23 @ 1pm EST
â˜‘ï¸ Reminders below!
nitter.net/i/spaces/1dRKZEvâ€¦","https://nitter.net/pic/orig/media%2FGB-7KoTXgAASnb_.jpg","22/12/2023","2","14","","29"
"62","https://nitter.net/pioupioucy_eth/status/1738308115341197340#m","ğŸš€ ã‚¤ãƒãƒ™ãƒ¼ã‚·ãƒ§ãƒ³ã¨å†’é™ºã®ä¸–ç•Œã«é£›ã³è¾¼ã‚‚ã† Namada ğŸŒ

âœ¨ $Namada ãƒˆãƒ¼ã‚¯ãƒ³ã®ãƒ—ãƒ¬ã‚»ãƒ¼ãƒ«ãŒãƒ•ãƒ«ã‚¹ã‚¤ãƒ³ã‚°ä¸­ã§ã™ã®ã§ã€rpgfdropnamada.net ã§ NAM ãƒˆãƒ¼ã‚¯ãƒ³ã‚’ç¢ºä¿ã—ã¾ã—ã‚‡ã†ã€‚ã“ã®æ—…ã®ä¸€éƒ¨ã«ãªã‚‹çµ¶å¥½ã®ãƒãƒ£ãƒ³ã‚¹ã‚’é€ƒã•ãªã„ã§ãã ã•ã„ï¼ ğŸ’°ğŸŒŸ

#Namada #NFT #ETH #privacy #Web3ğŸ“· #NFTCommuntiy","https://nitter.net/pic/orig/media%2FGB-12OWWgAAXByh.png","22/12/2023","1","8","","8"
"63","https://nitter.net/pioupioucy_eth/status/1738307724968898590#m","ğŸš€ Dive into the world of innovation and adventure with Namada ğŸŒ

âœ¨ Secure your NAM tokens now at rpgfdropnamada.net while the pre-sale of $Namada tokens is in full swing. Don't miss out on this unique opportunity to be part of the journey! ğŸ’°ğŸŒŸ

#Namada #NFT #ETH #privacy #Web3 #NFTCommuntiy","https://nitter.net/pic/orig/media%2FGB-1pfLXIAEFkLh.png","22/12/2023","1","7","","7"
"64","https://nitter.net/ShibaSoaps/status/1738381589401178433#m","ğŸ«§ğŸ§¼ğŸ…ğŸ½ GIVEAWAYğŸ…ğŸ½ğŸ§¼ğŸ«§
Tomorrow in the space we will give away $100 gift card to ShibaSoapsAndScrubs.com
Must be present when drawn and following :
@theshibdream 
@SharbaeNFT and us 
@ShibaSoaps 

ğŸ„Dream a Lil Dream #NFT showcase! 
ğŸ“† Saturday, 12/23 @ 1pm EST
â˜‘ï¸ Reminders below!
nitter.net/i/spaces/1dRKZâ€¦","","23/12/2023","1","10","","14"
"65","https://nitter.net/0xNekowawolf/status/1738041533352587384#m","Confirmed Airdrop by @onunblocked ğŸ”¥

Follow these steps to get $LOYALğŸ‘‡ğŸº

1/6

#Airdrop #LOYAL #NFT #cryptocurrency #CryptoCommunity","https://nitter.net/pic/orig/media%2FGB7DjxzbwAAFGZF.jpg","22/12/2023","13","10","1","21"
"66","https://nitter.net/exverse_io/status/1734603758146125885#m","ğŸ–¥ The Exverse Pass, our most valuable #NFT, but what is it?
Before going any further, sign up to get early access to Exverse! ğŸ® exv.io/#alpha-sign-up    

â­ï¸ What's the Exverse Genesis Pass?
The genesis of everything at Exverse. Holders will have lifetime perks and VIP access to exclusive events, both in-game and beyond.

ğŸŒ Supply
At a capped supply of 1000, the Exverse Genesis pass is our most valuable asset, owning them guarantees a lifetime of perks in the Exverse ecosystem.

â“ How can I get them?
You can buy them on OpenSea at opensea.io/collection/exversâ€¦ or earn them by participating in our community events.

#Exverse #ExverseAlpha #ExversePass","","12/12/2023","51","116","19","214"
"67","https://nitter.net/NFT_Origins/status/1738166532717281695#m","ğŸš¨#CNFTGiveawaysğŸš¨

In collaboration with Anpu, I am giving away

Price:
ğŸ† 1x Relic of Anpu PassğŸŸï¸

Simply
â˜‘ï¸Follow @anpu_token & @NFT_Origins
â˜‘ï¸â¤ï¸& ğŸ”
â˜‘ï¸Tag 3 ğŸ‘¥

â±ï¸48H
#CardanoNFT #NFT #NFTs #CNFT #ADA 
#NFTCommunity #NFTGiveaways #Cardano","https://nitter.net/pic/orig/media%2FGB80ppqWoAAFMpr.jpg","22/12/2023","234","247","","246"
"68","https://nitter.net/finance_ref/status/1738333708002717836#m","Ho ho hoğŸ… It is that time of the year, a lil' #NFT to win before the end of 2023. Mister RefMan is full of surprises.ğŸ

100 Winners - Random Draw ğŸ„
Rules: Like, Retweet, Comment your #NEAR wallet address and tell us whether we should promote $NEAT or $GEAR liquidity. Pick one!

Contest ends: Wednesday 27th EOD. Winners announced a few days after.

If you don't follow the rules, no NFT in your pockets!","https://nitter.net/pic/orig/media%2FGB_LRXyXYAAPB_R.jpg","22/12/2023","510","458","6","518"
"69","https://nitter.net/iAmAi_NFT/status/1676577677761826818#m","Discover the beauty of our #AncientGoddessNFT Collection! ğŸ”±ğŸ‘‘ğŸŒŸ

Each portrait is a unique piece of AI art that captures the essence of these powerful goddesses. ğŸ¨

Get your hands on one of these stunning NFTs today! #AncientGoddess #portrait #AIArt #NFT #OpenSeaNFT #ethereum","","05/07/2023","9","74","4","348"
"70","https://nitter.net/disgova/status/1738346536323682814#m","ã¿ã‚“ãªã§ã‚¹ã‚¿ãƒ¼ã‚’è‚²ã¦ã‚ˆã†ï¼ç§ã®ã‚­ãƒ£ãƒ©ã‚¯ã‚¿ãƒ¼ã¯ã€Œé’ æµ·é‡Œç´—ã€ã¨ã„ã†ã‚ˆï¼                         
Let me introduce you to my lovely virtual idol from #CityPopTOKYO #NFT #0233 #é’æµ·é‡Œç´— city-pop.tokyo/training/233
ğŸ‘‡City POP Tokyo Collection.
opensea.io/collection/citypoâ€¦","https://nitter.net/pic/orig/media%2FGB_YkbrbwAAN30T.jpg","22/12/2023","2","3","","2"
"71","https://nitter.net/NFDevils/status/1738167506928345299#m","On the 22nd day of #Christmas the Devils gave to me, a @SecretBullsNFT #NFT

âœ… Follow @NFDevils, @Nate_NFD and @SheDevilsNFT
âœ… Like and Repost
âœ… Tag 3 Friends
âœ… 24h

ğŸ‘ Give our Catalyst proposal some kudos
cardano.ideascale.com/c/ideaâ€¦

#CNFTgiveaway #GiveawayAlert #Giveaway #ADA","https://nitter.net/pic/orig/media%2FGBmFI9dbwAAlyG5.jpg","22/12/2023","104","123","","126"
"72","https://nitter.net/NFT_Origins/status/1738166532717281695#m","ğŸš¨#CNFTGiveawaysğŸš¨

In collaboration with Anpu, I am giving away

Price:
ğŸ† 1x Relic of Anpu PassğŸŸï¸

Simply
â˜‘ï¸Follow @anpu_token & @NFT_Origins
â˜‘ï¸â¤ï¸& ğŸ”
â˜‘ï¸Tag 3 ğŸ‘¥

â±ï¸48H
#CardanoNFT #NFT #NFTs #CNFT #ADA 
#NFTCommunity #NFTGiveaways #Cardano","https://nitter.net/pic/orig/media%2FGB80ppqWoAAFMpr.jpg","22/12/2023","234","247","","246"
"73","https://nitter.net/iAmAi_NFT/status/1720378629530833028#m","#Luzviminda is the muse of many artists, the inspiration of countless poems, the dream of every lover. She is the face of beauty, the embodiment of grace, the essence of elegance. She is the #NFT collection you can't miss.

@rarible
#ethereum #portrait 
rarible.com/iTnkD4iAm","","03/11/2023","12","42","2","131"
"74","https://nitter.net/finance_ref/status/1738333708002717836#m","Ho ho hoğŸ… It is that time of the year, a lil' #NFT to win before the end of 2023. Mister RefMan is full of surprises.ğŸ

100 Winners - Random Draw ğŸ„
Rules: Like, Retweet, Comment your #NEAR wallet address and tell us whether we should promote $NEAT or $GEAR liquidity. Pick one!

Contest ends: Wednesday 27th EOD. Winners announced a few days after.

If you don't follow the rules, no NFT in your pockets!","https://nitter.net/pic/orig/media%2FGB_LRXyXYAAPB_R.jpg","22/12/2023","510","458","6","518"
"75","https://nitter.net/iAmAi_NFT/status/1676577677761826818#m","Discover the beauty of our #AncientGoddessNFT Collection! ğŸ”±ğŸ‘‘ğŸŒŸ

Each portrait is a unique piece of AI art that captures the essence of these powerful goddesses. ğŸ¨

Get your hands on one of these stunning NFTs today! #AncientGoddess #portrait #AIArt #NFT #OpenSeaNFT #ethereum","","05/07/2023","9","74","4","348"
"76","https://nitter.net/socmedbykall1/status/1738402585969910138#m","TIKTOK ACCOUNT FOR SALE !!

â€” can live
â€” can open shop
â€” can affiliate
â€” organic / not boost
â€” suitable for all contents

ğŸ“Œ LF lf client wts wtb lfb ph based booster boosting boost retweets subs followers reacts  #ratszone #zonauang #NFTCommunity #NFT twitch discord","https://nitter.net/pic/orig/media%2FGCAL75IaUAEGnAb.jpg","23/12/2023","1","","",""
"77","https://nitter.net/finance_ref/status/1738333708002717836#m","Ho ho hoğŸ… It is that time of the year, a lil' #NFT to win before the end of 2023. Mister RefMan is full of surprises.ğŸ

100 Winners - Random Draw ğŸ„
Rules: Like, Retweet, Comment your #NEAR wallet address and tell us whether we should promote $NEAT or $GEAR liquidity. Pick one!

Contest ends: Wednesday 27th EOD. Winners announced a few days after.

If you don't follow the rules, no NFT in your pockets!","https://nitter.net/pic/orig/media%2FGB_LRXyXYAAPB_R.jpg","22/12/2023","510","458","6","518"
"78","https://nitter.net/shokoh1458665/status/1738402535864500384#m","ğŸSold in primary and secondary marketğŸ
ğŸCollected by dears
@halimaraheimi
@ndgh68 @mehdimrsy98 @honaremahsa @nillgraphic @Omid_Mortezaei @hooshmandart 
ğŸThank you dears and I wish you the best ğŸ 
ğŸLink:ğŸ”—objkt.com/asset/KT1Fe1uZnTfeâ€¦
#rozbeh_95_art #nft #soheilaahmadi","https://nitter.net/pic/orig/media%2FGCAL3stXIAAi-cg.jpg","23/12/2023","1","1","","2"
"79","https://nitter.net/BattleCatsSOL/status/1738395604617744498#m","The Battle Cats will soon awaken in the next 24 hours ğŸˆâ€â¬›ğŸ¾

Are you prepared to maintain the balance between light and shadow in Panthera ğŸˆâ€â¬›

Next tweet will contain mint link to secure a Battle Cat ğŸ¾

Turn Notifications on ğŸ””

#stealthmint #NFTGiveaways #NFT #nftart","https://nitter.net/pic/orig/media%2FGB_y1V6XoAAH9lE.jpg","23/12/2023","42","40","1","44"
"80","https://nitter.net/socialgames_com/status/1735620717134143966#m","ğŸš¨ SPOILER ALERT

First view of the SPA ğŸ¥³

Your Hero #nft needs to relax & recover the vitality ğŸ˜Œ

You like it?

#Web3 #Web3gaming #spa #videogames","","15/12/2023","3","18","","28"
"81","https://nitter.net/Long__Short/status/1737843412836204637#m","#Bitcoin #BTC Fails to Break the $44k Resistance 
Stay safe Dump on the way
#Crypto #NFT #LUNC #ETH #BNB #SOL #Solana #AVAX $XRP","","21/12/2023","14","3","","19"
"82","https://nitter.net/towersquads/status/1738362352087839076#m","ğŸ¦’Tower Friends
ğŸ§§Red Packet Giveaway

ğŸ†Dragon Boi

ğŸ“…48hrs Reveal
ğŸ72 out of 100 Winners
#loopring #redpacket #lrc #nft","https://nitter.net/pic/orig/media%2FGB_m5kXa8AApzNE.png","23/12/2023","1","4","1","7"
"83","https://nitter.net/SpArtistEbizo/status/1738384019228910069#m","Ebizo - SP 213

This is a new project of @ArtistEbizo on my Opensea's account: EBIZO_CIRULAR,  1/1 Edition, Polygon blockchain for just 0.05 ETH 

@opensea @Foundation @NftLeverage #OpenSeaNFT #NFTs #NFTCommunity #NFTartist #nftcollector #nftart #nftcollectors #nft","https://nitter.net/pic/orig/media%2FGB_7DX7bwAAMtmE.jpg","23/12/2023","","5","","19"
"84","https://nitter.net/JackHonda/status/1738402422350041516#m","Mikki Gazzo Empowered Decentralized Identities #DIDs #NFT","","23/12/2023","","","",""
"85","https://nitter.net/Qusten468478/status/1738402410467594567#m","ğŸ“¢BTK NFTç›²ç›’å…¬å”®æ­£åœ¨ç«ç†±é€²è¡Œä¸­ï¼ 
ğŸ”¥ä½ çµ•å°ä¸èƒ½éŒ¯éé€™å€‹æ•¸å­—ä¸–ç•Œçš„å¤šå…ƒåŒ–é«”é©—ï¼ ğŸ’¥

ğŸšªé»æ“Šé€£çµğŸ‘‰nft.bitlinkex.comï¼Œç«‹å³é–‹å•Ÿä½ çš„æ•¸å­—ä¹‹æ—…ï¼ 

åªéœ€è¦é€£æ¥ä½ çš„#EthereuméŒ¢åŒ…ä¸¦ç°½åï¼Œå°±èƒ½åƒèˆ‡ï¼ 

ç¾åœ¨å°±é‘„é€ å±¬æ–¼ä½ çš„BTK NFTç›²ç›’å§ï¼ æ—©é³¥åƒ¹æ ¼åªè¦10,000BTK/æ¯ç›²ç›’ï¼ ğŸ¤‘

#BTK #NFT","","23/12/2023","","","",""
"86","https://nitter.net/pioupioucy_eth/status/1738308115341197340#m","ğŸš€ ã‚¤ãƒãƒ™ãƒ¼ã‚·ãƒ§ãƒ³ã¨å†’é™ºã®ä¸–ç•Œã«é£›ã³è¾¼ã‚‚ã† Namada ğŸŒ

âœ¨ $Namada ãƒˆãƒ¼ã‚¯ãƒ³ã®ãƒ—ãƒ¬ã‚»ãƒ¼ãƒ«ãŒãƒ•ãƒ«ã‚¹ã‚¤ãƒ³ã‚°ä¸­ã§ã™ã®ã§ã€rpgfdropnamada.net ã§ NAM ãƒˆãƒ¼ã‚¯ãƒ³ã‚’ç¢ºä¿ã—ã¾ã—ã‚‡ã†ã€‚ã“ã®æ—…ã®ä¸€éƒ¨ã«ãªã‚‹çµ¶å¥½ã®ãƒãƒ£ãƒ³ã‚¹ã‚’é€ƒã•ãªã„ã§ãã ã•ã„ï¼ ğŸ’°ğŸŒŸ

#Namada #NFT #ETH #privacy #Web3ğŸ“· #NFTCommuntiy","https://nitter.net/pic/orig/media%2FGB-12OWWgAAXByh.png","22/12/2023","1","8","","8"
"87","https://nitter.net/ZooVerseFriends/status/1738199487729078430#m","ğŸ‰Airdrop GiveawayğŸ‰
Zooverse ğŸ¤ Homeety

2 Hompass Airdrop

1ï¸âƒ£ Follow: @ZooVerseNFT + @Homeety + @darrennft4697
2ï¸âƒ£ Like + RT
3ï¸âƒ£ join our Zealy challenge: zealy.io/c/homeety/invite/e2â€¦

24 Hours

#NFT #NFTs #NFTCommunity #Giveaway #ETH #Airdrops","https://nitter.net/pic/orig/media%2FGB9TFCsaMAAAwLQ.jpg","22/12/2023","7","11","","16"
"88","https://nitter.net/pioupioucy_eth/status/1738307724968898590#m","ğŸš€ Dive into the world of innovation and adventure with Namada ğŸŒ

âœ¨ Secure your NAM tokens now at rpgfdropnamada.net while the pre-sale of $Namada tokens is in full swing. Don't miss out on this unique opportunity to be part of the journey! ğŸ’°ğŸŒŸ

#Namada #NFT #ETH #privacy #Web3 #NFTCommuntiy","https://nitter.net/pic/orig/media%2FGB-1pfLXIAEFkLh.png","22/12/2023","1","7","","7"
"89","https://nitter.net/WackyPupz/status/1738364092174172553#m","5x 10,000 $WACKY GIVEAWAY

1âƒ£ Follow @WackyPupz + WL
2âƒ£ Like + RT
3âƒ£ Tag Friends
4âƒ£ Join: Discord.gg/WACKED

â³24H
$Sol #Solana #NFT #Airdrop","","23/12/2023","108","120","2","145"
"90","https://nitter.net/Brian1030177096/status/1738402362610295284#m","Check this Link to win more #NFT Reward\ud83d\udc49
Double Quests Double Bonus \ud83d\ude3b\ud83d\ude3b x.com/MyWeb3Pass/status/1737â€¦ @crypto2506 @KgatleLesego @zsl920812","","23/12/2023","","","",""
"91","https://nitter.net/finance_ref/status/1738333708002717836#m","Ho ho hoğŸ… It is that time of the year, a lil' #NFT to win before the end of 2023. Mister RefMan is full of surprises.ğŸ

100 Winners - Random Draw ğŸ„
Rules: Like, Retweet, Comment your #NEAR wallet address and tell us whether we should promote $NEAT or $GEAR liquidity. Pick one!

Contest ends: Wednesday 27th EOD. Winners announced a few days after.

If you don't follow the rules, no NFT in your pockets!","https://nitter.net/pic/orig/media%2FGB_LRXyXYAAPB_R.jpg","22/12/2023","511","458","6","518"
"92","https://nitter.net/THEREALESMITTY/status/1734737934056669579#m","Where my #NFT Whales at??? I'm selling the instrumental to one of my Biggest Hit Records for 50,000 $XRP or 1,000 $BSV!!! Get At Me!!!","","13/12/2023","3","179","2","421"
"93","https://nitter.net/manicaofblue/status/1738318495149158488#m","ãŠã¯ã‚ˆã†ã”ã–ã„ã¾ã™ï¼Good morning! 

#winterparty2023

Instagram  instagram.com/manicaofblue11â€¦

#horse #horseriding #horseshoe #horsepower #equestrian #equine #dressage #dresssagehorse #dressagerider #dressagepony #horsetacks #é¦¬ #ä¹—é¦¬ #nft #nftartist #winter #party","https://nitter.net/pic/orig/media%2FGB99Y79bMAIdG3F.jpg","22/12/2023","7","9","1","27"
"94","https://nitter.net/NFT_Origins/status/1738166532717281695#m","ğŸš¨#CNFTGiveawaysğŸš¨

In collaboration with Anpu, I am giving away

Price:
ğŸ† 1x Relic of Anpu PassğŸŸï¸

Simply
â˜‘ï¸Follow @anpu_token & @NFT_Origins
â˜‘ï¸â¤ï¸& ğŸ”
â˜‘ï¸Tag 3 ğŸ‘¥

â±ï¸48H
#CardanoNFT #NFT #NFTs #CNFT #ADA 
#NFTCommunity #NFTGiveaways #Cardano","https://nitter.net/pic/orig/media%2FGB80ppqWoAAFMpr.jpg","22/12/2023","234","247","","246"
"95","https://nitter.net/finance_ref/status/1738333708002717836#m","Ho ho hoğŸ… It is that time of the year, a lil' #NFT to win before the end of 2023. Mister RefMan is full of surprises.ğŸ

100 Winners - Random Draw ğŸ„
Rules: Like, Retweet, Comment your #NEAR wallet address and tell us whether we should promote $NEAT or $GEAR liquidity. Pick one!

Contest ends: Wednesday 27th EOD. Winners announced a few days after.

If you don't follow the rules, no NFT in your pockets!","https://nitter.net/pic/orig/media%2FGB_LRXyXYAAPB_R.jpg","22/12/2023","511","458","6","519"
"96","https://nitter.net/MyWeb3Pass/status/1737829893487079891#m","ğŸ””ğŸ””ğŸ””Wow ğŸ¥³ğŸ¥³ğŸ¥³
A new way to Grab #NFT & Win #Token Reward
#FCFC First Come First Claim
#Tag your friends & hurry up ! 
myweb3pass.com/en/tasks/6583â€¦","","21/12/2023","3","361","363","364"
"97","https://nitter.net/BitcoinsEarth/status/1738402098264392057#m","""All right, GM my #NFTDegen friends.  This one's for you. A little Christmas Carol for all you ğŸŒ²#NFTCommunity  Degen's out there that supported this channel throughout the year.  Merry NFT Christmas! #AI #SUNO #SunoAI #Web3 #Bitcoin #NFT #Grok #X #MidjourneyV6 #CoPilot

[Verse]
Alright, listen up NFT Degen's, let's go!
You've been with me on this wild ride, don't ya know? (oh yeah)
From Twitter X to the moon and back again
We're trolling every day, causing chaos and mayhem (NFT!)

[Chorus]
NFT, NFT, all the way (what?)
Oh, what fun it is to troll, every single day (hey!)
BITCOIN, film, MITCH, we're rocking the scene
So raise your glasses high, let's keep the energy lean (oh yeah, NFT!)","","23/12/2023","2","","",""
"98","https://nitter.net/Curionic/status/1738400203152015560#m","Gotta get in on this 

#giveaway #solana $SOL #NFT","","23/12/2023","2","3","","5"
"99","https://nitter.net/ElectraNation/status/1383753217343823880#m","Art on the internet is the hottest thing: Now, let's get those artists rewarded! The @ElectraProtocol #xepâš¡ team has organized a contest so you can show yours skills and win crypto!
Join us! 
#nft #defi #xep #xvg
#btc #bnb #uniğŸ¦„
#ethğŸ”¹  #oxtğŸŒ¸  #linkğŸ”—","https://nitter.net/pic/orig/media%2FEzQUN54VIAQP5FN.jpg","18/04/2021","1","18","","33"
"100","https://nitter.net/trustwallet_ru/status/1737507040493465965#m","ğŸ‰ Ğ’ÑÑ‚Ñ€ĞµÑ‡Ğ°Ğ¹Ñ‚Ğµ ĞĞ¾Ğ²Ñ‹Ğ¹ Ğ³Ğ¾Ğ´ Ğ²Ğ¼ĞµÑÑ‚Ğµ Ñ Trust Wallet CĞĞ“ Ğ¸ @cryptonxyz! ĞÑ‚ĞºÑ€Ğ¾Ğ¹Ñ‚Ğµ Ñ‚Ğ°Ğ¸Ğ½ÑÑ‚Ğ²ĞµĞ½Ğ½ÑƒÑ ĞºĞ¾Ñ€Ğ¾Ğ±ĞºÑƒ #NFT, Ñ‡Ñ‚Ğ¾Ğ±Ñ‹ Ğ¾Ñ‚Ğ¿Ñ€Ğ°Ğ·Ğ´Ğ½Ğ¾Ğ²Ğ°Ñ‚ÑŒ!

ğŸ ĞšÑ€Ğ¾Ğ¼Ğµ Ñ‚Ğ¾Ğ³Ğ¾, Ğ¼Ñ‹ Ñ€Ğ°Ğ·Ñ‹Ğ³Ñ€Ñ‹Ğ²Ğ°ĞµĞ¼ 10 Ğ»Ğ¸Ğ¼Ğ¸Ñ‚Ğ¸Ñ€Ğ¾Ğ²Ğ°Ğ½Ğ½Ñ‹Ñ… Ğ½Ğ¾Ğ²Ğ¾Ğ³Ğ¾Ğ´Ğ½Ğ¸Ñ… #Web3 ÑĞ²Ğ¸Ñ‚ĞµÑ€Ğ¾Ğ² ÑÑ€ĞµĞ´Ğ¸ Ñ‚ĞµÑ…, ĞºÑ‚Ğ¾ Ğ¿Ğ¾Ğ»ÑƒÑ‡Ğ¸Ğ» ÑƒĞ½Ğ¸ĞºĞ°Ğ»ÑŒĞ½Ñ‹Ğµ NFT!

ĞŸÑ€Ğ°Ğ²Ğ¸Ğ»Ğ°:
ğŸ’™ Ğ›Ğ°Ğ¹Ğº Ğ¸ Ñ€ĞµĞ¿Ğ¾ÑÑ‚
â„ï¸ ĞŸĞ¾Ğ´Ğ¿Ğ¸ÑĞºĞ° Ğ½Ğ° @trustwallet_ru
ğŸ’™ ĞŸÑ€Ğ¸ÑĞ¾ĞµĞ´Ğ¸Ğ½Ğ¸Ñ‚ÑŒÑÑ Ğº t.me/trustwallet_ru Ğ¸ t.me/crypton_off
â„ï¸ ĞŸĞ¾Ğ»ÑƒÑ‡Ğ¸Ñ‚Ğµ Ñ Ğ¿Ğ¾Ğ¼Ğ¾Ñ‰ÑŒÑ #TrustWallet ğŸ‘‡
galxe.com/trustwallet/campaiâ€¦","https://nitter.net/pic/orig/media%2FGBzdFWSa4AAYQzn.jpg","20/12/2023","125","3,066","17","3,202"
"101","https://nitter.net/Vabeachman111/status/1738402080585379898#m","#NFT","","23/12/2023","","","",""
"102","https://nitter.net/Minako_Chan2099/status/1737743745473454570#m","Minako
@exchgART

Link exchange.art/single/4D2TeVPHâ€¦ 

#NFTCommunitys #nftcollectors #Solana #SOL #NFTTHAILAND #exchgART #NFT","https://nitter.net/pic/orig/media%2FGB20tGBa8AAPl20.jpg","21/12/2023","3","7","","15"
"103","https://nitter.net/RichardFor46645/status/1738402018786472250#m","Check this Link to win more #NFT Reward\ud83d\udc49
Double Quests Double Bonus \ud83d\ude3b\ud83d\ude3b x.com/MyWeb3Pass/status/1737â€¦ @lili75815451 @CartaDAO @ThuoiaC","","23/12/2023","","","",""
"104","https://nitter.net/Hippo_Realm/status/1738128059151401236#m","ğŸš€ Big News IncomingğŸŒŸ
Get ready for a thrilling surprise in Hippo Swap! Drop your wallet now to be among the first to unlock the excitement! ğŸ¦›

ğŸ‰Comment ""YES"" to claim a surprise gift from us 
#NFT #airdrop #Hippo #Hipposwap","https://nitter.net/pic/orig/media%2FGB8SOs2bwAA-FMP.jpg","22/12/2023","223","116","","160"
"105","https://nitter.net/punk1685/status/1738277307683668091#m","I want to change not 1 but 2 life's & send them this @okaybears (25 $SOL)

Must Follow, Retweet and comment â€œ#NFTâ€
 I will pick a winner in 24hrs 

Merry Christmas, GOOD LUCK ğŸ…

Alpha call- I m pretty bullish on @jifonsol presale. it's public presale so don't miss","https://nitter.net/pic/orig/media%2FGB-Z_1rbMAQxvlK.jpg","22/12/2023","390","375","5","398"
"106","https://nitter.net/TAKESHI800/status/1738401937832505359#m","çš†ã¿ãŸã„ã«1,000æšã€2,000æšã¨ã‹ä½œã‚Œãªã„ã‘ã©ã€‚
å°‘ã—ãšã¤ã€‚
opensea.io/collection/popunkâ€¦
#NFT #OpenSeaNFT #NFTArts","https://nitter.net/pic/orig/media%2FGCAJU10boAAa926.jpg","23/12/2023","","","","2"
"107","https://nitter.net/NFDevils/status/1738167506928345299#m","On the 22nd day of #Christmas the Devils gave to me, a @SecretBullsNFT #NFT

âœ… Follow @NFDevils, @Nate_NFD and @SheDevilsNFT
âœ… Like and Repost
âœ… Tag 3 Friends
âœ… 24h

ğŸ‘ Give our Catalyst proposal some kudos
cardano.ideascale.com/c/ideaâ€¦

#CNFTgiveaway #GiveawayAlert #Giveaway #ADA","https://nitter.net/pic/orig/media%2FGBmFI9dbwAAlyG5.jpg","22/12/2023","104","123","","126"
"108","https://nitter.net/CnftGuide/status/1738203768926118125#m","ADA+NFT #Giveaway

Prize:
ğŸ†10 #ADA
ğŸ†3x WL

Rules
ğŸ’°Follow @TenK_ada 
ğŸ’°â¤ï¸+RT
ğŸ’°Tag 3 friends 

24Hâ°

#CNFTGiveaway #NFTCommunity #NFTartist #nftart #Cardano #CNFT #CNFTCommunity #NFTGiveaway #NFT","https://nitter.net/pic/orig/media%2FGB9XHXjWgAAIRRz.jpg","22/12/2023","132","175","","182"
"109","https://nitter.net/MusaApeClub/status/1738360660462067926#m","We are giving away 2 CreamTub NFT for the upcoming game by @CreamiesNFT .

Follow @CreamiesNFT & @MusaApeClub 
Tag 3 frens 
Like and RT
Winner in 12 hours. 
#hbar 
#nft #hedera","https://nitter.net/pic/orig/media%2FGB_lzqyb0AEidGV.jpg","23/12/2023","12","14","","20"
"110","https://nitter.net/NFTsRadar/status/1738089112987705646#m","ğŸ¥³ Solana Giveaway ğŸ‰

  1 $SOL ( 100$ ) 
  1 Winners ğŸ†

 Follow @NFTsRadar
 Like Retweet
 Tag 1 Friend (24h â°)
 #Solana #Sol #Airdrop #NFT #solmap #SolanaCommunity","https://nitter.net/pic/orig/media%2FGB7u1l0WYAAjdZI.jpg","22/12/2023","883","1,089","6","1,033"
"111","https://nitter.net/pioupioucy_eth/status/1738308115341197340#m","ğŸš€ ã‚¤ãƒãƒ™ãƒ¼ã‚·ãƒ§ãƒ³ã¨å†’é™ºã®ä¸–ç•Œã«é£›ã³è¾¼ã‚‚ã† Namada ğŸŒ

âœ¨ $Namada ãƒˆãƒ¼ã‚¯ãƒ³ã®ãƒ—ãƒ¬ã‚»ãƒ¼ãƒ«ãŒãƒ•ãƒ«ã‚¹ã‚¤ãƒ³ã‚°ä¸­ã§ã™ã®ã§ã€rpgfdropnamada.net ã§ NAM ãƒˆãƒ¼ã‚¯ãƒ³ã‚’ç¢ºä¿ã—ã¾ã—ã‚‡ã†ã€‚ã“ã®æ—…ã®ä¸€éƒ¨ã«ãªã‚‹çµ¶å¥½ã®ãƒãƒ£ãƒ³ã‚¹ã‚’é€ƒã•ãªã„ã§ãã ã•ã„ï¼ ğŸ’°ğŸŒŸ

#Namada #NFT #ETH #privacy #Web3ğŸ“· #NFTCommuntiy","https://nitter.net/pic/orig/media%2FGB-12OWWgAAXByh.png","22/12/2023","1","8","","8"
"112","https://nitter.net/pioupioucy_eth/status/1738307724968898590#m","ğŸš€ Dive into the world of innovation and adventure with Namada ğŸŒ

âœ¨ Secure your NAM tokens now at rpgfdropnamada.net while the pre-sale of $Namada tokens is in full swing. Don't miss out on this unique opportunity to be part of the journey! ğŸ’°ğŸŒŸ

#Namada #NFT #ETH #privacy #Web3 #NFTCommuntiy","https://nitter.net/pic/orig/media%2FGB-1pfLXIAEFkLh.png","22/12/2023","1","7","","7"
"113","https://nitter.net/NFTMuseum0/status/1738093595427754261#m","ğŸ‰ğŸGIVEAWAYğŸğŸ‰

2000 SGB to once lucky person 

Follow @Sneaky_labs & Me
Like & Retweet 
Tag 3 people or  ur fav sgb/flr influencer 
Join Discord discord.com/invite/99j4F6tR

Mint is on 28th December songbird network .

#SGB #FLARE #NFT #FLR #XRP","","22/12/2023","190","217","","194"
"114","https://nitter.net/finance_ref/status/1738333708002717836#m","Ho ho hoğŸ… It is that time of the year, a lil' #NFT to win before the end of 2023. Mister RefMan is full of surprises.ğŸ

100 Winners - Random Draw ğŸ„
Rules: Like, Retweet, Comment your #NEAR wallet address and tell us whether we should promote $NEAT or $GEAR liquidity. Pick one!

Contest ends: Wednesday 27th EOD. Winners announced a few days after.

If you don't follow the rules, no NFT in your pockets!","https://nitter.net/pic/orig/media%2FGB_LRXyXYAAPB_R.jpg","22/12/2023","511","459","6","520"
"115","https://nitter.net/NFTsRadar/status/1738096620917739557#m","Giveaway $WIF token

445 $WIF (~120 USDC) 1 Winners ğŸ†

1) Follows @NFTsRadar
2) Likes + Retweets this tweet
3) Tags 3 friends

Giveaway ends in 48 hours.

#WIF #Giveaway #Airdrops #Analos #NFT #POPCAT","https://nitter.net/pic/orig/media%2FGB71qm4WUAcNMgL.jpg","22/12/2023","384","451","1","441"
"116","https://nitter.net/WillConlon/status/1738401793762050230#m","""Angel's Landing""

The snow provides a soft landing. There's work to do. And so the Angel arrives and begins.

Hand drawn in Procreate. No AI used.

7 $XTZ

objkt.com/asset/KT1TSvFwgRo8â€¦

#NFT #NFTs #NFTdrop #Willco #Williverse","https://nitter.net/pic/orig/media%2FGBhR4DFWwAA9ki-.jpg","23/12/2023","1","","","1"
"117","https://nitter.net/MyWeb3Pass/status/1737829893487079891#m","ğŸ””ğŸ””ğŸ””Wow ğŸ¥³ğŸ¥³ğŸ¥³
A new way to Grab #NFT & Win #Token Reward
#FCFC First Come First Claim
#Tag your friends & hurry up ! 
myweb3pass.com/en/tasks/6583â€¦","","21/12/2023","3","361","364","365"
"118","https://nitter.net/WackyPupz/status/1738364092174172553#m","5x 10,000 $WACKY GIVEAWAY

1âƒ£ Follow @WackyPupz + WL
2âƒ£ Like + RT
3âƒ£ Tag Friends
4âƒ£ Join: Discord.gg/WACKED

â³24H
$Sol #Solana #NFT #Airdrop","","23/12/2023","108","120","2","145"
"119","https://nitter.net/bowwowaliendogs/status/1738401730088599657#m","ã€ã‚¾ãƒ³ãƒ“ã‚ã‚“ã‚ã‚“ğŸ¶ã€‘

Bow-wow #0007
Zombie Bow-wow

opensea.io/assets/ethereum/0â€¦

#NFT #NFTCommunity #NFTdrops #nftart

2023/12/23 12:30","","23/12/2023","","","",""
"120","https://nitter.net/heroldraphael/status/1738401723855896944#m","@Playermons #NFT #Win2Earn
#NFT
#WINTOEARN
@BearBra93393722 
@giataybayani 
Let's go guy! LFG ğŸ”¥ğŸ”¥ğŸ”¥","https://nitter.net/pic/orig/media%2FGCALJ8Pa4AA4F8o.jpg","23/12/2023","","","","1"
"121","https://nitter.net/mdrakib720284/status/1738401670399402158#m","ğŸ“¢BTK NFTç›²ç›’å…¬å”®æ­£åœ¨ç«ç†±é€²è¡Œä¸­ï¼ 
ğŸ”¥ä½ çµ•å°ä¸èƒ½éŒ¯éé€™å€‹æ•¸å­—ä¸–ç•Œçš„å¤šå…ƒåŒ–é«”é©—ï¼ ğŸ’¥

ğŸšªé»æ“Šé€£çµğŸ‘‰nft.bitlinkex.comï¼Œç«‹å³é–‹å•Ÿä½ çš„æ•¸å­—ä¹‹æ—…ï¼ 

åªéœ€è¦é€£æ¥ä½ çš„#EthereuméŒ¢åŒ…ä¸¦ç°½åï¼Œå°±èƒ½åƒèˆ‡ï¼ 

ç¾åœ¨å°±é‘„é€ å±¬æ–¼ä½ çš„BTK NFTç›²ç›’å§ï¼ æ—©é³¥åƒ¹æ ¼åªè¦10,000BTK/æ¯ç›²ç›’ï¼ ğŸ¤‘

#BTK #NFT","","23/12/2023","1","","",""
"122","https://nitter.net/GreeverOfficial/status/1738194882987282749#m","ğŸš™Simple Install, Simple Join_Normal Mode(free mode)

Invite your friends and get more leavesğŸŒ¿

GREEVER App Download
iOS apps.apple.com/app/greever/iâ€¦

Android play.google.com/store/apps/dâ€¦

#greever #d2e #DriveToEarn #NFT #application #web3 #blockchain","https://nitter.net/pic/orig/media%2FGB9O664bcAA--4i.jpg","22/12/2023","48","680","3","764"
"123","https://nitter.net/BattleCatsSOL/status/1738395604617744498#m","The Battle Cats will soon awaken in the next 24 hours ğŸˆâ€â¬›ğŸ¾

Are you prepared to maintain the balance between light and shadow in Panthera ğŸˆâ€â¬›

Next tweet will contain mint link to secure a Battle Cat ğŸ¾

Turn Notifications on ğŸ””

#stealthmint #NFTGiveaways #NFT #nftart","https://nitter.net/pic/orig/media%2FGB_y1V6XoAAH9lE.jpg","23/12/2023","44","42","1","46"
"124","https://nitter.net/Bold_Awards/status/1738401613381800434#m","Unleash your innovation superpowers! #BOLDAwards is back for the 5th edition, and we want YOUR groundbreaking projects in the spotlight. ğŸš€ Nominate today and let the world see your innovation prowess! bold-awards.com ğŸ’¡ #BOLDAwards #beBOLD #BOLD5 #NFT","https://nitter.net/pic/orig/media%2FGCALDgsWwAA5GMz.jpg","23/12/2023","","","",""
"125","https://nitter.net/MyWeb3Pass/status/1737829893487079891#m","ğŸ””ğŸ””ğŸ””Wow ğŸ¥³ğŸ¥³ğŸ¥³
A new way to Grab #NFT & Win #Token Reward
#FCFC First Come First Claim
#Tag your friends & hurry up ! 
myweb3pass.com/en/tasks/6583â€¦","","21/12/2023","3","361","364","365"
"126","https://nitter.net/LuisaV46/status/1738401556741931414#m","Â¡Me encanta el estilo de dibujo en ""Labios de pistola""! Â¡Es precioso! Y el diseÃ±o de los personajes es increÃ­ble. Â¡Lo recomiendo un montÃ³n!
 
#nft #Japanbooks #originalart

m.bilibilicomics.com/share/râ€¦","https://nitter.net/pic/orig/media%2FGCALALGWsAAkkXy.jpg","23/12/2023","","","",""
"127","https://nitter.net/wangtaizi11/status/1738401551641907430#m","#NFT #CommunitynEarn #NFTcommunity #AnotherWorld #Metaverse #KEI @ANOTHERworldgm","https://nitter.net/pic/orig/media%2FGB3Dcd3aUAASyvV.jpg","23/12/2023","","","",""
"128","https://nitter.net/ai_kanji/status/1738401542259253514#m","No.28

Its writing process and original AI-generated image are on Instagram.
#calligraphy #illustration #kanji #aiart #nft #æ›¸é“ #Polygon #MATIC 
instagram.com/p/C1KjtvRPbQd/","https://nitter.net/pic/orig/media%2FGB-NxnzbMAIK1us.jpg","23/12/2023","","","","1"
"129","https://nitter.net/AdaMonsterz/status/1738245538380984581#m","ğŸ“¢4x Holiday #NFTGiveaway
Spreading some Holidays JOY with our friends!

ğŸPrizes: 4x #CNFTs
ğŸ† 1 Winner takes it all!

Rules:
1âƒ£ FOLLOW
@AdaMonsterz @CryptoRaggies 
@cardastacks @LurkersCNFT 
2âƒ£ â™¥ï¸+ RT
3âƒ£ TAG FRIENDS

âœ¨WINNER Selection Dec 26

#CNFTCommunity #NFT #cardanofeed","","22/12/2023","100","124","2","127"
"130","https://nitter.net/CheerFriendsNFT/status/1738401541911101894#m","""Among 9,000 CheerFriends, eighteen percent proudly wear victory rings, igniting a fascinating transformation. The concept of 'variants' emerged from this fusion of cheer energy and rings, while those with multiple rings ascended as legendary super-genetics!""
#nft #eth","https://nitter.net/pic/orig/media%2FGB9nrWhW4AAknl0.jpg","23/12/2023","","","",""
"131","https://nitter.net/Curionic/status/1738400203152015560#m","Gotta get in on this 

#giveaway #solana $SOL #NFT","","23/12/2023","2","3","","5"
"132","https://nitter.net/NFTsRadar/status/1738089112987705646#m","ğŸ¥³ Solana Giveaway ğŸ‰

  1 $SOL ( 100$ ) 
  1 Winners ğŸ†

 Follow @NFTsRadar
 Like Retweet
 Tag 1 Friend (24h â°)
 #Solana #Sol #Airdrop #NFT #solmap #SolanaCommunity","https://nitter.net/pic/orig/media%2FGB7u1l0WYAAjdZI.jpg","22/12/2023","883","1,089","6","1,033"
"133","https://nitter.net/HYCO_Official/status/1736612889879028032#m","< Snow Globe FREE NFT >

ğŸ—“Date : Dec.18 14:00  ~ Dec.24 20:00 (KST)

ğŸ’°Mint your FREE NFT and mine CUBICs now!
app.questn.com/quest/8508713â€¦

ğŸ”‘Get the 'Key Role' on Zealy, and open your NFT to get up to 1,000,000 CUBICs at 12/28.
zealy.io/c/hypercomic/questbâ€¦

#NFT #Web3 #Mining #P2E #Webtoon #Manwha","https://nitter.net/pic/orig/media%2FGBmmEr7a8AAChmf.png","18/12/2023","29","909","2","1,020"
"134","https://nitter.net/William20681691/status/1738401490031570964#m","Check this Link to win more #NFT Reward\ud83d\udc49
Double Quests Double Bonus \ud83d\ude3b\ud83d\ude3b x.com/MyWeb3Pass/status/1737â€¦ @LeosTrepi47346 @ArjunKasaarjun5 @Joynalabdin1853","","23/12/2023","1","","",""
"135","https://nitter.net/DDooley30568/status/1738401485040292142#m","Check this Link to win more #NFT Reward\ud83d\udc49
Double Quests Double Bonus \ud83d\ude3b\ud83d\ude3b x.com/MyWeb3Pass/status/1737â€¦ @NngcMnh22956032 @RhondaThom78942 @CaxtonCaqy","","23/12/2023","","","",""
"136","https://nitter.net/quleWindATH/status/1738401480858599840#m","@RepRobertGarcia 
@retroactvemind 
@PedroArlos007 

#PiraFinance #NFT #Staking","","23/12/2023","","","",""
"137","https://nitter.net/MatriarchsCNFT/status/1738398808667795771#m","GM!â˜•ï¸ğŸŒ¤ 

Experience a stylish style with Matriarch Reagan!ğŸ˜‰ğŸ¤©â¤ï¸

Have a wonderful weekend and keep warm! ğŸ§¤ğŸ§£

#tshirt #totebag #style #Christmasgifts #giftidea #WomenEmpowerment #CNFT #NFT","","23/12/2023","1","2","","4"
"138","https://nitter.net/NFT_Producer030/status/1738386193501622631#m","Largest Purchase Contest ğŸš€

ğŸ† Win a unique #OceanChest #NFT (there are only 12 leftğŸ‘€), which will pay out monthly income forever. 

ğŸ“ˆ Buy the most $OFU / $eOFU and stay at the top for a full day!

â³ The countdown restarts when someone makes a larger purchase.

#OceanFund $OFU #100xgem ğŸŒŠ
Join: t.me/OceanFundeth ğŸŒŠ","https://nitter.net/pic/orig/media%2FGB_9BsLakAAYEfs.jpg","23/12/2023","23","75","1","100"
"139","https://nitter.net/ApocalypseFndn/status/1738401458159288803#m","I am claiming my free WAX tokens from @_bitcoiner's zesty faucet! âš¡

@_bitcoiner unlock me b5b4f90d-bdd6-4515-a086-2ac44ad55080

#WAX #NFT $WAXP","https://nitter.net/pic/orig/media%2FFGLX9-SVUAMntkm.jpg","23/12/2023","","","",""
"140","https://nitter.net/amfiteatrov_r/status/1738401425242087707#m","Check this Link to win more #NFT Reward\ud83d\udc49
Double Quests Double Bonus \ud83d\ude3b\ud83d\ude3b x.com/MyWeb3Pass/status/1737â€¦ @dntftggl @HammedWasi29159 @Dyybeeone","","23/12/2023","1","","",""
"141","https://nitter.net/VAssonov/status/1738401408280334463#m","Check this Link to win more #NFT Reward\ud83d\udc49
Double Quests Double Bonus \ud83d\ude3b\ud83d\ude3b x.com/MyWeb3Pass/status/1737â€¦ @BaskarVins55006 @junweitaiwan @Yalin1097454943","","23/12/2023","","","",""
"142","https://nitter.net/Zyniaeiah777/status/1738401398675619997#m","#NFT 
6sE2HavqH3eUMfDs75zzu7JTJHHKfYg7bhGMkwiW5ei2","","23/12/2023","","","",""
"143","https://nitter.net/Ventory_gg/status/1691086773336555521#m","Mint testnet event on Ventory

@drunksodaVenom - Too drunk to write!

Mint Here: testnet.ventory.gg/ino/drunkâ€¦

Supply only 2000 NFT

#Venom #NFT #Ventory","","14/08/2023","90","759","6","975"
"144","https://nitter.net/NFT_Origins/status/1738166532717281695#m","ğŸš¨#CNFTGiveawaysğŸš¨

In collaboration with Anpu, I am giving away

Price:
ğŸ† 1x Relic of Anpu PassğŸŸï¸

Simply
â˜‘ï¸Follow @anpu_token & @NFT_Origins
â˜‘ï¸â¤ï¸& ğŸ”
â˜‘ï¸Tag 3 ğŸ‘¥

â±ï¸48H
#CardanoNFT #NFT #NFTs #CNFT #ADA 
#NFTCommunity #NFTGiveaways #Cardano","https://nitter.net/pic/orig/media%2FGB80ppqWoAAFMpr.jpg","22/12/2023","235","248","","247"
"145","https://nitter.net/dloolb_eth/status/1737509674256044233#m","Bulls and apes at the poker table: a showdown of sheer strength and cunning strategy! 

Who's bluffing, who's bullish, and who's got the winning hand? 

#NFT #POKER","https://nitter.net/pic/orig/media%2FGBze_liXwAARapJ.jpg","20/12/2023","2","49","","10"
"146","https://nitter.net/trustwallet_ru/status/1737507040493465965#m","ğŸ‰ Ğ’ÑÑ‚Ñ€ĞµÑ‡Ğ°Ğ¹Ñ‚Ğµ ĞĞ¾Ğ²Ñ‹Ğ¹ Ğ³Ğ¾Ğ´ Ğ²Ğ¼ĞµÑÑ‚Ğµ Ñ Trust Wallet CĞĞ“ Ğ¸ @cryptonxyz! ĞÑ‚ĞºÑ€Ğ¾Ğ¹Ñ‚Ğµ Ñ‚Ğ°Ğ¸Ğ½ÑÑ‚Ğ²ĞµĞ½Ğ½ÑƒÑ ĞºĞ¾Ñ€Ğ¾Ğ±ĞºÑƒ #NFT, Ñ‡Ñ‚Ğ¾Ğ±Ñ‹ Ğ¾Ñ‚Ğ¿Ñ€Ğ°Ğ·Ğ´Ğ½Ğ¾Ğ²Ğ°Ñ‚ÑŒ!

ğŸ ĞšÑ€Ğ¾Ğ¼Ğµ Ñ‚Ğ¾Ğ³Ğ¾, Ğ¼Ñ‹ Ñ€Ğ°Ğ·Ñ‹Ğ³Ñ€Ñ‹Ğ²Ğ°ĞµĞ¼ 10 Ğ»Ğ¸Ğ¼Ğ¸Ñ‚Ğ¸Ñ€Ğ¾Ğ²Ğ°Ğ½Ğ½Ñ‹Ñ… Ğ½Ğ¾Ğ²Ğ¾Ğ³Ğ¾Ğ´Ğ½Ğ¸Ñ… #Web3 ÑĞ²Ğ¸Ñ‚ĞµÑ€Ğ¾Ğ² ÑÑ€ĞµĞ´Ğ¸ Ñ‚ĞµÑ…, ĞºÑ‚Ğ¾ Ğ¿Ğ¾Ğ»ÑƒÑ‡Ğ¸Ğ» ÑƒĞ½Ğ¸ĞºĞ°Ğ»ÑŒĞ½Ñ‹Ğµ NFT!

ĞŸÑ€Ğ°Ğ²Ğ¸Ğ»Ğ°:
ğŸ’™ Ğ›Ğ°Ğ¹Ğº Ğ¸ Ñ€ĞµĞ¿Ğ¾ÑÑ‚
â„ï¸ ĞŸĞ¾Ğ´Ğ¿Ğ¸ÑĞºĞ° Ğ½Ğ° @trustwallet_ru
ğŸ’™ ĞŸÑ€Ğ¸ÑĞ¾ĞµĞ´Ğ¸Ğ½Ğ¸Ñ‚ÑŒÑÑ Ğº t.me/trustwallet_ru Ğ¸ t.me/crypton_off
â„ï¸ ĞŸĞ¾Ğ»ÑƒÑ‡Ğ¸Ñ‚Ğµ Ñ Ğ¿Ğ¾Ğ¼Ğ¾Ñ‰ÑŒÑ #TrustWallet ğŸ‘‡
galxe.com/trustwallet/campaiâ€¦","https://nitter.net/pic/orig/media%2FGBzdFWSa4AAYQzn.jpg","20/12/2023","125","3,066","17","3,203"
"147","https://nitter.net/NFT_Producer030/status/1738386193501622631#m","Largest Purchase Contest ğŸš€

ğŸ† Win a unique #OceanChest #NFT (there are only 12 leftğŸ‘€), which will pay out monthly income forever. 

ğŸ“ˆ Buy the most $OFU / $eOFU and stay at the top for a full day!

â³ The countdown restarts when someone makes a larger purchase.

#OceanFund $OFU #100xgem ğŸŒŠ
Join: t.me/OceanFundeth ğŸŒŠ","https://nitter.net/pic/orig/media%2FGB_9BsLakAAYEfs.jpg","23/12/2023","23","75","1","100"
"148","https://nitter.net/Ashutosh_N1998/status/1738401332246307139#m","ğŸŒGood morning $INJ #Ninjas

$INJ Bullmarket..ğŸ‚

ğŸš€New Revolution For web3 finance.

#Web3â€¯â€¯â€¯ #cryptocurrency #injective #Crypto #NFT $inj #Layer1 #listing #etherium $etc $btc #BTCâ€¯â€¯â€¯ $ltc $BNB $shiba #gm  #CryptoNews
#Salaar","https://nitter.net/pic/orig/media%2FGCAKzEJaEAAURMR.jpg","23/12/2023","1","","",""
"149","https://nitter.net/MyWeb3Pass/status/1737829893487079891#m","ğŸ””ğŸ””ğŸ””Wow ğŸ¥³ğŸ¥³ğŸ¥³
A new way to Grab #NFT & Win #Token Reward
#FCFC First Come First Claim
#Tag your friends & hurry up ! 
myweb3pass.com/en/tasks/6583â€¦","","21/12/2023","3","362","364","365"
"150","https://nitter.net/Curionic/status/1738400203152015560#m","Gotta get in on this 

#giveaway #solana $SOL #NFT","","23/12/2023","2","3","","5"
"151","https://nitter.net/azorayang/status/1703917873268211919#m","Discover a world of digital art with my unique #NFT collection!
Own a piece of art that's as rare and beautiful as you are.
ğŸ˜ğŸ’

Check out my gallery today! â˜‘ï¸

#tezos #CleanNFTs #AIIA 
#NFTCommunity

MADE BY AI
ğŸ‘†ğŸ‘†ğŸ‘†ğŸ‘†ğŸ‘†
ğŸ‘‡ğŸ¼ğŸ‘‡ğŸ¼ğŸ‘‡ğŸ¼ğŸ‘‡ğŸ¼ğŸ‘‡ğŸ¼

objkt.com/collection/KT18y39â€¦","https://nitter.net/pic/orig/media%2FF6WIO19XUAAGZO2.jpg","18/09/2023","33","90","6","282"
"152","https://nitter.net/MyWeb3Pass/status/1737829893487079891#m","ğŸ””ğŸ””ğŸ””Wow ğŸ¥³ğŸ¥³ğŸ¥³
A new way to Grab #NFT & Win #Token Reward
#FCFC First Come First Claim
#Tag your friends & hurry up ! 
myweb3pass.com/en/tasks/6583â€¦","","21/12/2023","3","362","364","365"
"153","https://nitter.net/NFT_Producer030/status/1738386193501622631#m","Largest Purchase Contest ğŸš€

ğŸ† Win a unique #OceanChest #NFT (there are only 12 leftğŸ‘€), which will pay out monthly income forever. 

ğŸ“ˆ Buy the most $OFU / $eOFU and stay at the top for a full day!

â³ The countdown restarts when someone makes a larger purchase.

#OceanFund $OFU #100xgem ğŸŒŠ
Join: t.me/OceanFundeth ğŸŒŠ","https://nitter.net/pic/orig/media%2FGB_9BsLakAAYEfs.jpg","23/12/2023","23","75","1","100"
"154","https://nitter.net/deena_tari/status/1669423905197510657#m","The full official collection of Pokemon on OpenSea. 723 pokemon. Choose your own!
opensea.io/collection/poke90â€¦
#OpenSeaNFT #OpenSea #nft #nftart #nfts #art #crypto #nftartist #digitalart #nftcommunity #nftcollector #cryptoart #ethereum #cryptocurrency #opensea #blockchain","https://nitter.net/pic/orig/media%2FFyr8LPAX0AoCa6z.jpg","15/06/2023","5","1,543","1","24"
"155","https://nitter.net/StacyIgel/status/1645593876755894272#m","This #bmgxartistxartist #nft I paired 
@TaliaZoref meeting @play_w_CC 
foundation.app/@boymeetsgirlâ€¦ #NFTNYC2023 #womeninweb3 
I loved pairing these two together as CC has a tattoo of an EYE! When I joined them she did not know Talia was the owner of @EyesoFashionNFT learn more","","11/04/2023","2","11","1","22"
"156","https://nitter.net/jywyvTwinkle/status/1738401228248293743#m","Red White & Blue #USA #NFT #Contect","","23/12/2023","","","",""
"157","https://nitter.net/MrSquaddie/status/1738401201417281970#m","Well done team ğŸ‘ 
$SQUAD #BNBâ€¯â€¯â€¯ #NFT #DeFi #DEX #NFTCommunity #Binanceâ€¯â€¯â€¯ #BNBChain #SquadSwap #PancakeSquads #BNBChainNFTs","","23/12/2023","1","","",""
"158","https://nitter.net/MyWeb3Pass/status/1737829893487079891#m","ğŸ””ğŸ””ğŸ””Wow ğŸ¥³ğŸ¥³ğŸ¥³
A new way to Grab #NFT & Win #Token Reward
#FCFC First Come First Claim
#Tag your friends & hurry up ! 
myweb3pass.com/en/tasks/6583â€¦","","21/12/2023","3","362","364","365"
"159","https://nitter.net/originalmoment_/status/1738193650255880461#m","Drop your art ğŸ‘‡

Made some sales yesterday, buying one piece for 5.00 $XTZ (or below) this weekend.

#NFTCommunity #NFTs #NFT #tezoscommunity #tezoscollector #TezosNFTs #objkt #objktcom #objktnft #Web3 #NFTshill #NFT_Shill","","22/12/2023","66","13","","61"
"160","https://nitter.net/JakeCryptoNFTs/status/1738312695533744489#m","ğŸŸ¡Mode: Cooperative Game Theory for a Better Onchain Future

Mode is building a revolutionary Ethereum L2 called the ""Onchain Cooperative,"" focused on fostering collaboration and shared success within the ecosystem.

@modenetwork #NFT #Crypto","","22/12/2023","17","31","","45"
"161","https://nitter.net/Sandvonstrand/status/1738241318256562301#m","Show me your new NFT's here ğŸš¨ğŸ‘‡ğŸ‘‡ğŸš¨
#NFT #NFTCommunity #NFTs","","22/12/2023","50","6","","41"
"162","https://nitter.net/qrooger/status/1737763906414583945#m","$CTC (Creditcoin) has now been listed on @LBank_Exchange! ğŸ’¥ğŸ‰
Thanks to the collaboration with @CreditcoinğŸ’¯

Trade Now! Â» lbank.com/trade/ctc_usdt/

More Â» tinyurl.com/7wj2reyj

#LBank #LBankAngel #Listing #LBankLaunchpad #IEO #LBankIEO #NFT","https://nitter.net/pic/orig/media%2FGB3HEDIWwAA3jxg.jpg","21/12/2023","5","1","","11"
"163","https://nitter.net/punk1685/status/1738277307683668091#m","I want to change not 1 but 2 life's & send them this @okaybears (25 $SOL)

Must Follow, Retweet and comment â€œ#NFTâ€
 I will pick a winner in 24hrs 

Merry Christmas, GOOD LUCK ğŸ…

Alpha call- I m pretty bullish on @jifonsol presale. it's public presale so don't miss","https://nitter.net/pic/orig/media%2FGB-Z_1rbMAQxvlK.jpg","22/12/2023","390","375","5","398"
"164","https://nitter.net/RyukyuArtist/status/1738401067740897337#m","#æœ
#fashion
#desigh
#ã‚¬ãƒ³ãƒ€ãƒ ã‚¢ãƒ¼ãƒ†ã‚£ãƒ•ã‚¡ã‚¯ãƒˆ
#ãƒ“ãƒƒãƒˆã‚³ã‚¤ãƒ³
#NFT
ã‹ã£ã“ã¤ã‘ãŸã„ ãƒ‘ãƒ¼ã‚«ãƒ¼ suzuri.jp/shozanshozan/14944â€¦ #suzuri","","23/12/2023","","","","1"
"165","https://nitter.net/soresei_anime/status/1738088929629515806#m","æ˜æ—¥12æœˆ23æ—¥åœŸæ›œæ—¥ã‹ã‚‰25æ—¥æœˆæ›œæ—¥ã®3æ—¥é–“ã€æ—¥æœ¬å‹•ç”»å”ä¼šã‚ªãƒ•ã‚£ã‚·ãƒ£ãƒ«ãƒãƒ¼ã‚±ãƒƒãƒˆãƒ—ãƒ¬ã‚¤ã‚¹ #ã‚ªãƒ¼ãƒ—ãƒ³ãƒã‚¹ãƒˆ ã§ã€Œ2023 å¹´ã‚¯ãƒªã‚¹ãƒã‚¹ãƒ—ãƒ¬ã‚¼ãƒ³ãƒˆã‚­ãƒ£ãƒ³ãƒšãƒ¼ãƒ³ã€ãŒé–‹å‚¬ã•ã‚Œã‚‹ã‚“ã ã‚³ãƒ­ï¼
GONZOã‹ã‚‰ã¯10ä½œå“ãŒå‚åŠ ã€‚ç„¡æ–™ã§NFTä»˜ãƒ“ã‚¸ãƒ¥ã‚¢ãƒ«ã‚’ã‚²ãƒƒãƒˆã ã‚³ãƒ­ï½ã€‚
#OPENPOST #NFT
market.openpost.co.jp/","https://nitter.net/pic/orig/media%2FGB7unJUaMAAXWon.jpg","22/12/2023","1","26","","76"
"166","https://nitter.net/Streethealer_/status/1738401052934730030#m","QUALITY SNOW AS ALWAYS

#coke #cocaine #yayo #healing #cokeplug #snow #molly #psychedelic #blow #fitness #PTSD #anxiety #ADHD  #depression #weedlife #ETH #breakthrough #xanscandyland #drugtwt #NFFC #Michigan #nft #Detroit #Ohio #plug #Florida #LA","","23/12/2023","1","","",""
"167","https://nitter.net/qrooger/status/1737754095933407527#m","Hey guys ğŸ‘‹

Join @LBank_Exchange christmas special today!Trade or copy futures & unwrap prizes ğŸ’¥ğŸ‰ğŸ

âœ“ Date Â» Dec 14-31
âœ“ Post a pic of your trade with #LBankChristmas
âœ“ Submit entries here: bit.ly/3Tqh4le

#LBank #LBankAngel #LBankLaunchpad #IEO #LBankIEO #NFT","https://nitter.net/pic/orig/media%2FGB2-IojWsAA-c-j.jpg","21/12/2023","5","1","","13"
"168","https://nitter.net/Tufayel365/status/1738400997637320718#m","Can't wait for the update! #NFT #DataNFT","","23/12/2023","","","",""
"169","https://nitter.net/NFT_Producer030/status/1738386193501622631#m","Largest Purchase Contest ğŸš€

ğŸ† Win a unique #OceanChest #NFT (there are only 12 leftğŸ‘€), which will pay out monthly income forever. 

ğŸ“ˆ Buy the most $OFU / $eOFU and stay at the top for a full day!

â³ The countdown restarts when someone makes a larger purchase.

#OceanFund $OFU #100xgem ğŸŒŠ
Join: t.me/OceanFundeth ğŸŒŠ","https://nitter.net/pic/orig/media%2FGB_9BsLakAAYEfs.jpg","23/12/2023","23","75","1","100"
"170","https://nitter.net/ahmadrezagh672/status/1738182639939387740#m","#NFT Brand new giveaway alert! We're dropping a item tomorrow on Discord. Join the party and win!
discord.gg/thXRJATS6j 
#NFTCommunity #NFTCollection #Tezos #objkt","https://nitter.net/pic/orig/media%2FGB9DQ0pX0AAvrCT.jpg","22/12/2023","3","2","1","10"
"171","https://nitter.net/GreeverOfficial/status/1738194882987282749#m","ğŸš™Simple Install, Simple Join_Normal Mode(free mode)

Invite your friends and get more leavesğŸŒ¿

GREEVER App Download
iOS apps.apple.com/app/greever/iâ€¦

Android play.google.com/store/apps/dâ€¦

#greever #d2e #DriveToEarn #NFT #application #web3 #blockchain","https://nitter.net/pic/orig/media%2FGB9O664bcAA--4i.jpg","22/12/2023","48","681","3","764"
"172","https://nitter.net/qrooger/status/1737714510369058905#m","Exciting News ğŸ’¯ğŸ‰ 

$ROUP (Roup) will now be listed on @LBank_Exchange. Deposit, trading and withdrawals will all begin today, don't miss out on this amazing opportunity ğŸ’¥ğŸ’¸ğŸ’¹

More Info Â» tinyurl.com/49hytd35

#listing #LBank #LBankAngel #LBankLaunchpad #IEO #LBankIEO #NFT","https://nitter.net/pic/orig/media%2FGB2aIdEWgAAE3wg.jpg","21/12/2023","4","1","","11"
"173","https://nitter.net/eisenreich/status/1738347108615282741#m","Vechain was highlighted in a recent journal article, 'Non-Fungible Tokens: Survey of Current Applications, Evolution and Future Directions' ğŸ”–

Full Pdf ğŸ‘‡
ieeexplore.ieee.org/stamp/stâ€¦

#vechain $VET #NFT #Pharma #Tech #Crypto #Bitcoin $BTC #NFTs #SupplyChain #Traceability","https://nitter.net/pic/orig/media%2FGB_ZLifWkAAyfNT.jpg","22/12/2023","4","18","1","69"
"174","https://nitter.net/NFT_Producer030/status/1738386193501622631#m","Largest Purchase Contest ğŸš€

ğŸ† Win a unique #OceanChest #NFT (there are only 12 leftğŸ‘€), which will pay out monthly income forever. 

ğŸ“ˆ Buy the most $OFU / $eOFU and stay at the top for a full day!

â³ The countdown restarts when someone makes a larger purchase.

#OceanFund $OFU #100xgem ğŸŒŠ
Join: t.me/OceanFundeth ğŸŒŠ","https://nitter.net/pic/orig/media%2FGB_9BsLakAAYEfs.jpg","23/12/2023","23","75","1","100"
"175","https://nitter.net/Ventory_gg/status/1682389755110244357#m","Complete Rave's Task on @Venom_network_

ğŸ’¥Get @ravegamenft's NFT and there will be surprises

ğŸ“Join Task: testnet.ventory.gg/ino/rave

An NFT car racing metaverse game on Venom Networkâ—

#Venom #Venomnetwork #NFT","https://nitter.net/pic/orig/media%2FF1kMj50aQAEEIdF.jpg","21/07/2023","301","4,553","32","2,788"
"176","https://nitter.net/BattleCatsSOL/status/1738395604617744498#m","The Battle Cats will soon awaken in the next 24 hours ğŸˆâ€â¬›ğŸ¾

Are you prepared to maintain the balance between light and shadow in Panthera ğŸˆâ€â¬›

Next tweet will contain mint link to secure a Battle Cat ğŸ¾

Turn Notifications on ğŸ””

#stealthmint #NFTGiveaways #NFT #nftart","https://nitter.net/pic/orig/media%2FGB_y1V6XoAAH9lE.jpg","23/12/2023","44","42","1","46"
"177","https://nitter.net/nft_kika/status/1672114737751142404#m","ã€Œæœˆã®å¥³ç¥ãƒ»ã‚¢ãƒ«ãƒ†ãƒŸã‚¹ã®çŸ¢ã€kika's art No.030â¤ï¸Adam  by  GMOã«ã¦æœ¬æ—¥nftå‡ºå“ã—ã¾ã—ãŸğŸ¥°
ã©ã†ãå®œã—ããŠé¡˜ã„è‡´ã—ã¾ã™â˜ºï¸ğŸ’“
adam.jp/stores/kika-originalâ€¦
#nft #nftart #ã‚¢ãƒŠãƒ­ã‚° #adambygmo #ã‚ªãƒªã‚¸ãƒŠãƒ«ã‚¤ãƒ©ã‚¹ãƒˆ","https://nitter.net/pic/orig/media%2FFzSLbD3acAIUJqY.jpg","23/06/2023","1","34","2","127"
"178","https://nitter.net/0xBillys/status/1738400767231586621#m","Crypto30 Index: 5788.14
-v0.1.1 #Crypto30 #Bitcoin #Ethereum #DeFi #NFT #BTC #ETH #DeFi #NFTs #BSC","https://nitter.net/pic/orig/media%2FGCAKSPjawAAfYjQ.png","23/12/2023","","","",""
"179","https://nitter.net/anotherworldgm/status/1737760702222516429#m","ğŸ—ºï¸Another World 2nd Map Reveal- Mt.Paran

ğŸ”ï¸Introducing the 2nd type of Another World Maps! Mt.Paran is a range of mountains made of hard gray rocks, occupying 20% of the entire #AnotherWorld planet!

ğŸ”Stay tuned for more!

#Metaverse #SneakPeek #web3 #Web3gaming #NFT","https://nitter.net/pic/orig/media%2FGB3Dcd3aUAASyvV.jpg","21/12/2023","6","77","87","49"
"180","https://nitter.net/NFT_Producer030/status/1738386193501622631#m","Largest Purchase Contest ğŸš€

ğŸ† Win a unique #OceanChest #NFT (there are only 12 leftğŸ‘€), which will pay out monthly income forever. 

ğŸ“ˆ Buy the most $OFU / $eOFU and stay at the top for a full day!

â³ The countdown restarts when someone makes a larger purchase.

#OceanFund $OFU #100xgem ğŸŒŠ
Join: t.me/OceanFundeth ğŸŒŠ","https://nitter.net/pic/orig/media%2FGB_9BsLakAAYEfs.jpg","23/12/2023","23","75","1","100"
"181","https://nitter.net/lammetje_nl/status/1738172245522940391#m","ğŸ”¥GiveawayğŸ”¥

Almost christmas, giving away 10 x a 'Beginnings' to anyone who's retweeting this tweet. drawing in 24 hours. ( must follow me and have a tz wallet to win )

#FxHash #Tezos #Giveaway  #NFT","https://nitter.net/pic/orig/media%2FGB85kaoXoAAmmH_.jpg","22/12/2023","25","66","2","104"
"182","https://nitter.net/finance_ref/status/1738333708002717836#m","Ho ho hoğŸ… It is that time of the year, a lil' #NFT to win before the end of 2023. Mister RefMan is full of surprises.ğŸ

100 Winners - Random Draw ğŸ„
Rules: Like, Retweet, Comment your #NEAR wallet address and tell us whether we should promote $NEAT or $GEAR liquidity. Pick one!

Contest ends: Wednesday 27th EOD. Winners announced a few days after.

If you don't follow the rules, no NFT in your pockets!","https://nitter.net/pic/orig/media%2FGB_LRXyXYAAPB_R.jpg","22/12/2023","514","461","7","522"
"183","https://nitter.net/pioupioucy_eth/status/1738308115341197340#m","ğŸš€ ã‚¤ãƒãƒ™ãƒ¼ã‚·ãƒ§ãƒ³ã¨å†’é™ºã®ä¸–ç•Œã«é£›ã³è¾¼ã‚‚ã† Namada ğŸŒ

âœ¨ $Namada ãƒˆãƒ¼ã‚¯ãƒ³ã®ãƒ—ãƒ¬ã‚»ãƒ¼ãƒ«ãŒãƒ•ãƒ«ã‚¹ã‚¤ãƒ³ã‚°ä¸­ã§ã™ã®ã§ã€rpgfdropnamada.net ã§ NAM ãƒˆãƒ¼ã‚¯ãƒ³ã‚’ç¢ºä¿ã—ã¾ã—ã‚‡ã†ã€‚ã“ã®æ—…ã®ä¸€éƒ¨ã«ãªã‚‹çµ¶å¥½ã®ãƒãƒ£ãƒ³ã‚¹ã‚’é€ƒã•ãªã„ã§ãã ã•ã„ï¼ ğŸ’°ğŸŒŸ

#Namada #NFT #ETH #privacy #Web3ğŸ“· #NFTCommuntiy","https://nitter.net/pic/orig/media%2FGB-12OWWgAAXByh.png","22/12/2023","1","8","","8"
"184","https://nitter.net/pioupioucy_eth/status/1738307724968898590#m","ğŸš€ Dive into the world of innovation and adventure with Namada ğŸŒ

âœ¨ Secure your NAM tokens now at rpgfdropnamada.net while the pre-sale of $Namada tokens is in full swing. Don't miss out on this unique opportunity to be part of the journey! ğŸ’°ğŸŒŸ

#Namada #NFT #ETH #privacy #Web3 #NFTCommuntiy","https://nitter.net/pic/orig/media%2FGB-1pfLXIAEFkLh.png","22/12/2023","1","7","","7"
"185","https://nitter.net/NFT_Producer030/status/1738386193501622631#m","Largest Purchase Contest ğŸš€

ğŸ† Win a unique #OceanChest #NFT (there are only 12 leftğŸ‘€), which will pay out monthly income forever. 

ğŸ“ˆ Buy the most $OFU / $eOFU and stay at the top for a full day!

â³ The countdown restarts when someone makes a larger purchase.

#OceanFund $OFU #100xgem ğŸŒŠ
Join: t.me/OceanFundeth ğŸŒŠ","https://nitter.net/pic/orig/media%2FGB_9BsLakAAYEfs.jpg","23/12/2023","23","75","1","100"
"186","https://nitter.net/ArtistEbizo/status/1738243152757338203#m","Ebizo - 1172

Another oldies of me on my Opensea's account: EBIZO_COLLECTION_1,  1/1 Edition for just 0.15 ETH 

@opensea @Foundation @NftLeverage #OpenSeaNFT #NFTs #NFTCommunity #NFTartist #nftcollector #nftart #nftcollectors #nft","https://nitter.net/pic/orig/media%2FGB96744bMAIDlq1.jpg","22/12/2023","5","22","2","105"
"187","https://nitter.net/KoinosPunks/status/1738313583140692397#m","ğŸ„âœ¨ Merry Christmas, #KoinosPunks! âœ¨ğŸ„

ğŸCelebrate the season with a special gift:
+3500 $PUNKSK bonus for all #NFT holders! ğŸš€

ğŸ“…24th December is the salary day!

Unwrap the power of Koinos and embark on a festive journey with us!

Happy holidays, #Punks! ğŸğŸ¤˜
-----------------------------------
ğŸ’¹ Trade: @KoinDX
ğŸ’³Manage with @Konio_io wallet
ğŸ“ˆPrice tracker tokens.koincrew.com @KoinCrew
ğŸ’°Want a salary? Grab a Punk from @KollectionMkt
ğŸ› ï¸Built on $KOIN / #Koinos
-----------------------------------
#CryptoXmas #NFTCollection #NFTs #NFTRevolution #NFTSalary #CryptoSalary #CryptoBonus @PunksKoin","","22/12/2023","2","35","1","149"
"188","https://nitter.net/SorarePem/status/1738220620083765414#m","ğŸ Christmas GiveAway ğŸ 

A lâ€™occasion des fÃªtes, je fais gagner deux petits cadeaux :
1ï¸âƒ£ Thorsten Mahrer ğŸ”´
2ï¸âƒ£ Denis Zakaria  ğŸŸ¡

â™ ï¸ 2 gagnants 

Conditions : 
ğŸš¹ Follow @SorarePem 
ğŸ” Retweet 
ğŸ’¬Tag un ami 

Tirage : 27/12 
#Sorare #GiveAway #NFT","https://nitter.net/pic/orig/media%2FGB9mcEwWIAA3My8.jpg","22/12/2023","238","265","1","172"
"189","https://nitter.net/MusaApeClub/status/1738360660462067926#m","We are giving away 2 CreamTub NFT for the upcoming game by @CreamiesNFT .

Follow @CreamiesNFT & @MusaApeClub 
Tag 3 frens 
Like and RT
Winner in 12 hours. 
#hbar 
#nft #hedera","https://nitter.net/pic/orig/media%2FGB_lzqyb0AEidGV.jpg","23/12/2023","12","14","","20"
"190","https://nitter.net/NFT_Producer030/status/1738386193501622631#m","Largest Purchase Contest ğŸš€

ğŸ† Win a unique #OceanChest #NFT (there are only 12 leftğŸ‘€), which will pay out monthly income forever. 

ğŸ“ˆ Buy the most $OFU / $eOFU and stay at the top for a full day!

â³ The countdown restarts when someone makes a larger purchase.

#OceanFund $OFU #100xgem ğŸŒŠ
Join: t.me/OceanFundeth ğŸŒŠ","https://nitter.net/pic/orig/media%2FGB_9BsLakAAYEfs.jpg","23/12/2023","23","75","1","100"
"191","https://nitter.net/s_clann/status/1738400487601320400#m","Codeine
#xanax #pills #awaken #2cb #m30 #mescaline #spirituality #breakthrough #psychoactive #NFFC #pills #Codeine #lean #adderall #NFT #mindtherapy #mentalhealth #anxiety #PTSD #depression #colorado #oregon #dallas #NYC #drugtwt #trippiebri #kissimmee #fyp #texas #ohio #Bristol","https://nitter.net/pic/orig/media%2FGCAKBdFXAAAhxSL.jpg","23/12/2023","2","","",""
"192","https://nitter.net/trustwallet_ru/status/1737507040493465965#m","ğŸ‰ Ğ’ÑÑ‚Ñ€ĞµÑ‡Ğ°Ğ¹Ñ‚Ğµ ĞĞ¾Ğ²Ñ‹Ğ¹ Ğ³Ğ¾Ğ´ Ğ²Ğ¼ĞµÑÑ‚Ğµ Ñ Trust Wallet CĞĞ“ Ğ¸ @cryptonxyz! ĞÑ‚ĞºÑ€Ğ¾Ğ¹Ñ‚Ğµ Ñ‚Ğ°Ğ¸Ğ½ÑÑ‚Ğ²ĞµĞ½Ğ½ÑƒÑ ĞºĞ¾Ñ€Ğ¾Ğ±ĞºÑƒ #NFT, Ñ‡Ñ‚Ğ¾Ğ±Ñ‹ Ğ¾Ñ‚Ğ¿Ñ€Ğ°Ğ·Ğ´Ğ½Ğ¾Ğ²Ğ°Ñ‚ÑŒ!

ğŸ ĞšÑ€Ğ¾Ğ¼Ğµ Ñ‚Ğ¾Ğ³Ğ¾, Ğ¼Ñ‹ Ñ€Ğ°Ğ·Ñ‹Ğ³Ñ€Ñ‹Ğ²Ğ°ĞµĞ¼ 10 Ğ»Ğ¸Ğ¼Ğ¸Ñ‚Ğ¸Ñ€Ğ¾Ğ²Ğ°Ğ½Ğ½Ñ‹Ñ… Ğ½Ğ¾Ğ²Ğ¾Ğ³Ğ¾Ğ´Ğ½Ğ¸Ñ… #Web3 ÑĞ²Ğ¸Ñ‚ĞµÑ€Ğ¾Ğ² ÑÑ€ĞµĞ´Ğ¸ Ñ‚ĞµÑ…, ĞºÑ‚Ğ¾ Ğ¿Ğ¾Ğ»ÑƒÑ‡Ğ¸Ğ» ÑƒĞ½Ğ¸ĞºĞ°Ğ»ÑŒĞ½Ñ‹Ğµ NFT!

ĞŸÑ€Ğ°Ğ²Ğ¸Ğ»Ğ°:
ğŸ’™ Ğ›Ğ°Ğ¹Ğº Ğ¸ Ñ€ĞµĞ¿Ğ¾ÑÑ‚
â„ï¸ ĞŸĞ¾Ğ´Ğ¿Ğ¸ÑĞºĞ° Ğ½Ğ° @trustwallet_ru
ğŸ’™ ĞŸÑ€Ğ¸ÑĞ¾ĞµĞ´Ğ¸Ğ½Ğ¸Ñ‚ÑŒÑÑ Ğº t.me/trustwallet_ru Ğ¸ t.me/crypton_off
â„ï¸ ĞŸĞ¾Ğ»ÑƒÑ‡Ğ¸Ñ‚Ğµ Ñ Ğ¿Ğ¾Ğ¼Ğ¾Ñ‰ÑŒÑ #TrustWallet ğŸ‘‡
galxe.com/trustwallet/campaiâ€¦","https://nitter.net/pic/orig/media%2FGBzdFWSa4AAYQzn.jpg","20/12/2023","125","3,068","17","3,203"
"193","https://nitter.net/trustwallet_ru/status/1737507040493465965#m","ğŸ‰ Ğ’ÑÑ‚Ñ€ĞµÑ‡Ğ°Ğ¹Ñ‚Ğµ ĞĞ¾Ğ²Ñ‹Ğ¹ Ğ³Ğ¾Ğ´ Ğ²Ğ¼ĞµÑÑ‚Ğµ Ñ Trust Wallet CĞĞ“ Ğ¸ @cryptonxyz! ĞÑ‚ĞºÑ€Ğ¾Ğ¹Ñ‚Ğµ Ñ‚Ğ°Ğ¸Ğ½ÑÑ‚Ğ²ĞµĞ½Ğ½ÑƒÑ ĞºĞ¾Ñ€Ğ¾Ğ±ĞºÑƒ #NFT, Ñ‡Ñ‚Ğ¾Ğ±Ñ‹ Ğ¾Ñ‚Ğ¿Ñ€Ğ°Ğ·Ğ´Ğ½Ğ¾Ğ²Ğ°Ñ‚ÑŒ!

ğŸ ĞšÑ€Ğ¾Ğ¼Ğµ Ñ‚Ğ¾Ğ³Ğ¾, Ğ¼Ñ‹ Ñ€Ğ°Ğ·Ñ‹Ğ³Ñ€Ñ‹Ğ²Ğ°ĞµĞ¼ 10 Ğ»Ğ¸Ğ¼Ğ¸Ñ‚Ğ¸Ñ€Ğ¾Ğ²Ğ°Ğ½Ğ½Ñ‹Ñ… Ğ½Ğ¾Ğ²Ğ¾Ğ³Ğ¾Ğ´Ğ½Ğ¸Ñ… #Web3 ÑĞ²Ğ¸Ñ‚ĞµÑ€Ğ¾Ğ² ÑÑ€ĞµĞ´Ğ¸ Ñ‚ĞµÑ…, ĞºÑ‚Ğ¾ Ğ¿Ğ¾Ğ»ÑƒÑ‡Ğ¸Ğ» ÑƒĞ½Ğ¸ĞºĞ°Ğ»ÑŒĞ½Ñ‹Ğµ NFT!

ĞŸÑ€Ğ°Ğ²Ğ¸Ğ»Ğ°:
ğŸ’™ Ğ›Ğ°Ğ¹Ğº Ğ¸ Ñ€ĞµĞ¿Ğ¾ÑÑ‚
â„ï¸ ĞŸĞ¾Ğ´Ğ¿Ğ¸ÑĞºĞ° Ğ½Ğ° @trustwallet_ru
ğŸ’™ ĞŸÑ€Ğ¸ÑĞ¾ĞµĞ´Ğ¸Ğ½Ğ¸Ñ‚ÑŒÑÑ Ğº t.me/trustwallet_ru Ğ¸ t.me/crypton_off
â„ï¸ ĞŸĞ¾Ğ»ÑƒÑ‡Ğ¸Ñ‚Ğµ Ñ Ğ¿Ğ¾Ğ¼Ğ¾Ñ‰ÑŒÑ #TrustWallet ğŸ‘‡
galxe.com/trustwallet/campaiâ€¦","https://nitter.net/pic/orig/media%2FGBzdFWSa4AAYQzn.jpg","20/12/2023","125","3,068","17","3,203"
"194","https://nitter.net/Kuz1580Smith/status/1738155218246803457#m","NFT GIVEAWAY ğŸ‰

ğŸ”— Polygon
ğŸ† 1 Winner
ğŸ Rotten Zombie Mau #7569

To Enter:
âœ… Follow @Kuz1580Smith, @SnailzoHomebody 
âœ… Like & RePost
âœ… Anything in the comments
â°Ends in 48hrs

#Giveaway #FreeNFT #NFTpolygon #NFTGiveaway #NFT #PolygonCommunity #Web3 #NFTworld #NFTfam  #IFB","https://nitter.net/pic/orig/media%2FGB8qfaoXYAABY9v.jpg","22/12/2023","57","67","","77"
"195","https://nitter.net/k_hayashi_jp/status/1573964705018048512#m","13ãƒãƒ£ã‚¯ãƒ©è‰²ç’°å›³ 13 chakra #ç¥è–å¹¾ä½•å­¦ #NFT #opensea opensea.io/collection/katsuhâ€¦
e-Book/Paperback #KindleUnlimited
amazon.com/~/e/B07RJNQJP1
amazon.co.jp/~/e/B07RJMGG9G
#NFTart #SacredGeometry #mandala #chakra ç¥è–å¹¾ä½•å­¦ æ›¼è¼ç¾… ãƒ•ãƒ©ãƒ¯ãƒ¼ã‚ªãƒ–ãƒ©ã‚¤ãƒ• Mer-Ka-Ba ãƒã‚«ãƒ Tree of Life ç”Ÿå‘½ã®æ¨¹","https://nitter.net/pic/orig/media%2FFdfYIjPaIAAMml_.jpg","25/09/2022","","22","1","58"
"196","https://nitter.net/k_hayashi_jp/status/1574016734482542592#m","#133 Mandala, Square, Flower Of Life, Sacred geometry.
#ç¥è–å¹¾ä½•å­¦ #NFT #opensea opensea.io/collection/katsuhâ€¦
e-Book/Paperback #KindleUnlimited
amazon.com/~/e/B07RJNQJP1
amazon.co.jp/~/e/B07RJMGG9G
#NFTart #SacredGeometry #mandala #chakra ç¥è–å¹¾ä½•å­¦ æ›¼è¼ç¾… ãƒ•ãƒ©ãƒ¯ãƒ¼ã‚ªãƒ–ãƒ©ã‚¤ãƒ• Mer-Ka-Ba","https://nitter.net/pic/orig/media%2FFdgHsokaMAAC6Bo.jpg","25/09/2022","1","12","","28"
"197","https://nitter.net/nanya5838/status/1738400354864361593#m","#NFT","","23/12/2023","","","",""
"198","https://nitter.net/k_hayashi_jp/status/1574017757641048066#m","ç¥è–å¹¾ä½•å­¦ Da Vinci Hidden Secret Code, Flower Of Life, Sacred geometry #ç¥è–å¹¾ä½•å­¦ #NFT #opensea opensea.io/collection/katsuhâ€¦
e-Book/Paperback #KindleUnlimited
amazon.com/~/e/B07RJNQJP1
amazon.co.jp/~/e/B07RJMGG9G
#NFTart #SacredGeometry #mandala #chakra æ›¼è¼ç¾… ãƒ•ãƒ©ãƒ¯ãƒ¼ã‚ªãƒ–ãƒ©ã‚¤ãƒ• ãƒãƒ£ã‚¯ãƒ©","https://nitter.net/pic/orig/media%2FFdgISPhaUAAaCUr.jpg","25/09/2022","","14","1","40"
"199","https://nitter.net/NFTsRadar/status/1738089112987705646#m","ğŸ¥³ Solana Giveaway ğŸ‰

  1 $SOL ( 100$ ) 
  1 Winners ğŸ†

 Follow @NFTsRadar
 Like Retweet
 Tag 1 Friend (24h â°)
 #Solana #Sol #Airdrop #NFT #solmap #SolanaCommunity","https://nitter.net/pic/orig/media%2FGB7u1l0WYAAjdZI.jpg","22/12/2023","885","1,090","6","1,035"
"200","https://nitter.net/punk1685/status/1738277307683668091#m","I want to change not 1 but 2 life's & send them this @okaybears (25 $SOL)

Must Follow, Retweet and comment â€œ#NFTâ€
 I will pick a winner in 24hrs 

Merry Christmas, GOOD LUCK ğŸ…

Alpha call- I m pretty bullish on @jifonsol presale. it's public presale so don't miss","https://nitter.net/pic/orig/media%2FGB-Z_1rbMAQxvlK.jpg","22/12/2023","390","375","5","398"
"201","https://nitter.net/k_hayashi_jp/status/1574237617574805504#m","#64 Mandala, Flower Of Life, Sacred geometry
#ç¥è–å¹¾ä½•å­¦ #NFT #opensea opensea.io/collection/katsuhâ€¦
e-Book/Paperback #KindleUnlimited
amazon.com/~/e/B07RJNQJP1
amazon.co.jp/~/e/B07RJMGG9G
ç¥è–å¹¾ä½•å­¦ #NFTart #SacredGeometry #mandala #chakra æ›¼è¼ç¾… ãƒ•ãƒ©ãƒ¯ãƒ¼ã‚ªãƒ–ãƒ©ã‚¤ãƒ• 13ãƒãƒ£ã‚¯ãƒ© Mer-Ka-Ba","https://nitter.net/pic/orig/media%2FFdjQVECaMAINruQ.jpg","26/09/2022","1","15","2","41"
"202","https://nitter.net/NFT_Producer030/status/1738386193501622631#m","Largest Purchase Contest ğŸš€

ğŸ† Win a unique #OceanChest #NFT (there are only 12 leftğŸ‘€), which will pay out monthly income forever. 

ğŸ“ˆ Buy the most $OFU / $eOFU and stay at the top for a full day!

â³ The countdown restarts when someone makes a larger purchase.

#OceanFund $OFU #100xgem ğŸŒŠ
Join: t.me/OceanFundeth ğŸŒŠ","https://nitter.net/pic/orig/media%2FGB_9BsLakAAYEfs.jpg","23/12/2023","23","75","1","100"
"203","https://nitter.net/OpenSkyFinance/status/1736761979329728986#m","Opensky is currently actively preparing for a profound collaboration with a prominent BRC20 project partner, who holds significant recognition within the industry. 
Together, we will forge a path towards the future. Stay tuned for the exciting collaboration reveal!ğŸ”¥
#BRC20 #NFT","https://nitter.net/pic/orig/media%2FGBo3i6ubIAACml3.jpg","18/12/2023","2","77","66","268"
"204","https://nitter.net/k_hayashi_jp/status/1574325011175067648#m","#48 Mandala, Sacred geometry, Flower Of Life
#ç¥è–å¹¾ä½•å­¦ #NFT #opensea opensea.io/collection/katsuhâ€¦
e-Book/Paperback #KindleUnlimited
amazon.com/~/e/B07RJNQJP1
amazon.co.jp/~/e/B07RJMGG9G
#NFTart #SacredGeometry #mandala #chakra ç¥è–å¹¾ä½•å­¦ æ›¼è¼ç¾… ãƒ•ãƒ©ãƒ¯ãƒ¼ã‚ªãƒ–ãƒ©ã‚¤ãƒ• 13ãƒãƒ£ã‚¯ãƒ© Mer-Ka-Ba","https://nitter.net/pic/orig/media%2FFdkgC6paMAItEW-.jpg","26/09/2022","3","20","","50"
"205","https://nitter.net/SayeghTone27768/status/1738400264808202274#m","Check this Link to win more #NFT Reward\ud83d\udc49
Double Quests Double Bonus \ud83d\ude3b\ud83d\ude3b x.com/MyWeb3Pass/status/1737â€¦ @CaratSpoon @Meena9756381276 @FTPraw","","23/12/2023","","","",""
"206","https://nitter.net/BattleCatsSOL/status/1738395604617744498#m","The Battle Cats will soon awaken in the next 24 hours ğŸˆâ€â¬›ğŸ¾

Are you prepared to maintain the balance between light and shadow in Panthera ğŸˆâ€â¬›

Next tweet will contain mint link to secure a Battle Cat ğŸ¾

Turn Notifications on ğŸ””

#stealthmint #NFTGiveaways #NFT #nftart","https://nitter.net/pic/orig/media%2FGB_y1V6XoAAH9lE.jpg","23/12/2023","45","44","1","48"
"207","https://nitter.net/EMIREX_OFFICIAL/status/1738232449652470009#m","#CryptodigestğŸ“²

ğŸ“#NFT Trader lost about $3 million as a result of hacking.
ğŸ“Prices for the #Solana Saga smartphone have jumped to $5,000 on eBay.
ğŸ“#Dogecoin will be integrated into X, says the director of MyDoge Wallet.

Learn more:
emirex.com/news/crypto_news_â€¦","https://nitter.net/pic/orig/media%2FGB9xKn6WoAA8GmE.jpg","22/12/2023","","9","",""
